Player,Team,Pos,G,AB,R,H,2B,3B,HR,RBI,SB,CS,BB,SO,SH,SF,HBP,AVG,OBP,SLG,OPS
Trea Turner,WAS,SS,116,467,70,126,18,3,14,48,31,8,47,96,1,0,4,0.27,0.342,0.411,0.753
Francisco Lindor,CLE,SS,114,466,99,139,39,1,29,74,19,5,55,78,3,3,6,0.298,0.377,0.573,0.95
Eddie Rosario,MIN,OF,114,463,73,137,28,2,20,66,7,2,29,90,1,1,0,0.296,0.337,0.495,0.832
Marcus Semien,OAK,SS,113,462,62,118,25,2,7,39,12,5,42,92,2,5,0,0.255,0.314,0.364,0.678
Ozzie Albies,ATL,2B,109,462,81,127,33,3,20,59,12,3,22,81,1,3,4,0.275,0.312,0.489,0.801
Jose Peraza,CIN,SS,113,452,61,128,22,3,6,39,18,4,25,51,7,3,5,0.283,0.326,0.385,0.711
Starlin Castro,MIA,2B,115,450,65,127,23,1,9,41,5,1,34,93,0,6,0,0.282,0.329,0.398,0.727
Brian Anderson,MIA,3B,116,449,63,127,26,3,9,53,2,4,46,84,0,1,11,0.283,0.363,0.414,0.777
Giancarlo Stanton,NYY,OF,114,448,73,124,22,1,28,74,4,0,43,151,0,9,7,0.277,0.343,0.518,0.861
Eric Hosmer,SD,1B,113,448,51,114,24,2,10,46,5,4,44,107,0,0,0,0.254,0.321,0.384,0.705
Jean Segura,SEA,SS,109,448,78,137,27,2,9,55,17,9,21,61,3,6,3,0.306,0.337,0.435,0.772
Nick Castellanos,DET,3B,112,448,60,127,31,4,16,59,2,0,29,113,0,0,5,0.283,0.334,0.478,0.812
Charlie Blackmon,COL,OF,110,446,84,124,17,4,21,49,6,4,43,96,0,1,5,0.278,0.347,0.475,0.822
Adam Jones,BAL,OF,109,442,44,126,29,0,12,47,3,0,16,71,0,2,3,0.285,0.313,0.432,0.745
Nick Markakis,ATL,OF,113,442,67,144,35,1,14,73,1,1,50,54,0,7,1,0.326,0.39,0.505,0.895
Freddie Freeman,ATL,1B,113,440,69,140,30,3,18,71,7,2,58,92,0,2,3,0.318,0.4,0.523,0.923
Jose Abreu,CWS,1B,113,439,62,118,33,1,20,67,1,0,33,93,0,5,9,0.269,0.329,0.485,0.814
Trevor Story,COL,SS,115,439,58,127,32,5,24,80,15,5,36,121,0,3,5,0.289,0.348,0.549,0.897
Alex Bregman,HOU,3B,114,439,75,122,37,1,22,72,8,4,65,65,0,2,9,0.278,0.381,0.517,0.898
Marcell Ozuna,STL,OF,112,439,45,118,12,1,13,60,2,0,28,83,0,3,2,0.269,0.314,0.39,0.704
Kyle Seager,SEA,3B,113,438,48,100,26,0,19,62,2,1,26,97,0,2,4,0.228,0.277,0.418,0.695
Whit Merrifield,KC,2B,111,437,54,130,31,1,7,37,25,6,43,81,2,4,6,0.297,0.365,0.421,0.786
Paul Goldschmidt,ARI,1B,115,435,71,121,23,4,24,61,4,3,71,132,0,0,6,0.278,0.387,0.515,0.902
Dee Gordon,SEA,2B,105,434,52,120,14,5,1,22,26,8,8,63,9,3,7,0.276,0.299,0.339,0.638
Odubel Herrera,PHI,OF,110,434,54,118,16,3,19,61,5,2,31,96,1,1,5,0.272,0.327,0.454,0.781
Ender Inciarte,ATL,OF,110,433,57,109,18,3,7,46,23,8,34,63,1,2,5,0.252,0.312,0.356,0.668
Yangervis Solarte,TOR,SS,110,432,50,101,20,0,17,53,1,3,31,67,1,3,3,0.234,0.288,0.398,0.686
Cesar Hernandez,PHI,2B,115,431,71,113,14,2,9,37,14,3,73,107,0,1,2,0.262,0.371,0.367,0.738
Jed Lowrie,OAK,2B,112,430,49,114,27,1,17,68,0,0,50,99,0,2,3,0.265,0.344,0.451,0.795
Chris Taylor,LAD,2B,115,426,66,107,27,8,13,53,5,5,40,135,0,4,8,0.251,0.324,0.444,0.768
Freddy Galvis,SD,SS,118,426,40,101,21,3,7,44,5,5,36,104,1,4,2,0.237,0.297,0.35,0.647
Yolmer Sanchez,CWS,2B,111,426,39,102,22,9,6,43,10,2,31,98,1,3,5,0.239,0.297,0.376,0.673
Andrew Benintendi,BOS,OF,110,426,84,129,32,6,15,70,20,2,60,80,0,6,1,0.303,0.385,0.512,0.897
J.D. Martinez,BOS,OF,110,425,85,141,31,1,35,101,4,1,46,113,0,4,4,0.332,0.399,0.656,1.055
Shin-Soo Choo,TEX,OF,109,425,66,116,24,1,20,56,3,0,75,120,1,2,7,0.273,0.389,0.475,0.864
George Springer,HOU,OF,109,424,74,106,22,0,19,58,6,4,51,92,0,3,5,0.25,0.335,0.436,0.771
Justin Upton,LAA,OF,114,423,63,109,13,0,24,67,5,0,54,138,0,5,5,0.258,0.345,0.459,0.804
Didi Gregorius,NYY,SS,109,423,72,114,22,3,20,66,10,6,41,60,1,7,3,0.27,0.333,0.478,0.811
Scooter Gennett,CIN,2B,112,422,67,132,24,0,17,68,3,2,31,93,3,4,4,0.313,0.362,0.491,0.853
Javier Baez,CHC,SS,113,422,73,125,31,7,25,88,19,5,18,106,1,3,5,0.296,0.33,0.581,0.911
Matt Olson,OAK,1B,116,421,60,99,21,0,22,54,2,1,49,120,0,1,8,0.235,0.326,0.442,0.768
Andrew McCutchen,SF,OF,113,420,58,109,25,2,13,48,9,6,62,105,0,6,7,0.26,0.36,0.421,0.781
Yoan Moncada,CWS,2B,107,420,54,92,21,5,14,45,11,4,50,164,1,2,1,0.219,0.302,0.393,0.695
Jose Ramirez,CLE,3B,114,419,78,124,30,3,33,83,27,5,78,55,0,3,4,0.296,0.409,0.618,1.027
Nolan Arenado,COL,3B,110,417,77,128,25,2,29,82,2,2,56,85,0,3,2,0.307,0.389,0.585,0.974
Mitch Haniger,SEA,OF,114,417,58,114,23,2,19,75,7,2,53,107,0,5,8,0.273,0.362,0.475,0.837
David Peralta,ARI,OF,105,416,56,126,23,5,19,58,2,0,32,92,0,1,4,0.303,0.358,0.519,0.877
Albert Pujols,LAA,DH,102,414,45,105,19,0,18,56,1,0,19,60,0,1,2,0.254,0.289,0.43,0.719
Cody Bellinger,LAD,1B,116,414,66,104,23,5,19,54,8,0,53,115,0,2,2,0.251,0.338,0.469,0.807
Michael Brantley,CLE,OF,103,413,63,121,27,2,12,61,8,3,32,38,1,4,3,0.293,0.345,0.455,0.8
Tim Anderson,CWS,SS,112,411,57,99,18,2,15,47,22,7,24,107,1,2,4,0.241,0.288,0.404,0.692
Brian Dozier,MIN,2B,104,410,65,93,21,2,16,52,8,3,46,96,0,3,3,0.227,0.307,0.405,0.712
Jose Altuve,HOU,2B,104,407,64,134,24,2,9,46,14,2,41,55,3,1,2,0.329,0.392,0.464,0.856
Khris Davis,OAK,OF,106,406,67,104,21,1,33,90,0,0,39,118,0,6,9,0.256,0.33,0.557,0.887
Christian Yelich,MIL,OF,103,405,79,128,25,4,18,60,14,2,37,103,0,2,5,0.316,0.379,0.531,0.91
Trey Mancini,BAL,OF,110,404,49,93,16,0,16,36,0,1,35,107,0,2,4,0.23,0.297,0.389,0.686
Matt Carpenter,STL,1B,111,403,78,113,33,0,32,65,1,1,73,110,0,3,2,0.28,0.391,0.6,0.991
Brandon Crawford,SF,SS,112,402,51,112,26,2,11,45,3,5,39,91,0,4,7,0.279,0.35,0.435,0.785
Carlos Santana,PHI,1B,115,401,63,87,18,2,17,64,1,1,88,70,0,6,1,0.217,0.355,0.399,0.754
Ian Desmond,COL,OF,113,398,59,94,13,5,19,59,13,4,38,112,0,2,5,0.236,0.309,0.437,0.746
Anthony Rizzo,CHC,1B,105,398,48,105,18,1,17,75,4,3,49,58,0,6,16,0.264,0.362,0.442,0.804
Starling Marte,PIT,OF,103,397,63,111,18,4,17,55,28,8,24,84,1,3,4,0.28,0.325,0.474,0.799
Andrelton Simmons,LAA,SS,105,396,56,122,22,3,7,53,7,2,30,23,1,4,4,0.308,0.359,0.432,0.791
Miguel Andujar,NYY,3B,104,395,55,116,31,2,16,53,2,0,18,76,0,2,3,0.294,0.328,0.504,0.832
Joey Votto,CIN,1B,113,394,58,114,23,2,9,53,1,0,87,77,0,1,8,0.289,0.427,0.426,0.853
Bryce Harper,WAS,OF,113,392,72,92,20,0,28,71,9,2,89,124,0,7,6,0.235,0.379,0.5,0.879
Jason Kipnis,CLE,2B,106,391,46,85,19,1,11,45,4,1,46,86,1,1,4,0.217,0.305,0.355,0.66
Derek Dietrich,MIA,3B,112,390,60,109,21,1,14,38,2,0,23,111,0,2,17,0.279,0.345,0.446,0.791
Max Kepler,MIN,OF,112,389,57,90,24,3,14,43,3,4,51,71,0,2,2,0.231,0.322,0.416,0.738
C.J. Cron,TB,1B,106,388,52,95,20,0,22,56,1,2,28,114,0,4,14,0.245,0.316,0.466,0.782
Ketel Marte,ARI,SS,112,388,53,99,18,10,10,45,4,0,39,56,0,1,2,0.255,0.326,0.43,0.756
Brett Gardner,NYY,OF,100,387,70,96,14,4,10,34,10,1,51,72,3,4,5,0.248,0.34,0.382,0.722
Stephen Piscotty,OAK,OF,107,387,48,97,29,0,15,52,2,0,30,83,0,3,7,0.251,0.314,0.442,0.756
Yuli Gurriel,HOU,1B,96,386,47,108,25,0,6,56,4,1,16,41,0,6,3,0.28,0.309,0.391,0.7
Rhys Hoskins,PHI,1B,106,385,64,98,28,0,22,72,4,3,66,108,0,4,5,0.255,0.367,0.499,0.866
Justin Smoak,TOR,1B,107,385,50,101,31,0,18,59,0,1,62,110,0,3,3,0.262,0.366,0.483,0.849
Edwin Encarnacion,CLE,1B,104,384,56,88,14,0,25,81,2,0,46,98,0,5,6,0.229,0.317,0.461,0.778
Jose Iglesias,DET,SS,110,383,37,102,28,3,5,47,14,6,15,41,3,2,7,0.266,0.305,0.394,0.699
Mookie Betts,BOS,OF,97,381,98,134,32,5,27,62,22,3,56,60,0,3,6,0.352,0.439,0.675,1.114
Joey Gallo,TEX,3B,110,381,62,76,14,1,31,71,3,4,59,157,0,0,3,0.199,0.312,0.486,0.798
Travis Shaw,MIL,3B,112,381,56,96,19,0,23,68,2,2,55,76,1,4,2,0.252,0.346,0.483,0.829
Mike Moustakas,KC,3B,98,378,46,94,21,1,20,62,3,0,30,63,0,4,5,0.249,0.309,0.468,0.777
Matt Duffy,TB,3B,96,378,41,115,17,1,4,32,8,4,26,65,0,1,5,0.304,0.356,0.386,0.742
Alcides Escobar,KC,SS,109,377,40,76,14,2,3,22,6,1,22,58,6,3,5,0.202,0.253,0.273,0.526
Yonder Alonso,CLE,1B,105,376,48,94,16,0,20,66,0,0,37,86,0,3,1,0.25,0.317,0.452,0.769
Rafael Devers,BOS,3B,98,376,47,92,22,0,16,55,5,2,29,99,0,2,0,0.245,0.297,0.431,0.728
Lorenzo Cain,MIL,OF,100,376,58,111,19,1,8,30,20,5,54,69,0,1,3,0.295,0.387,0.415,0.802
Asdrubal Cabrera,NYM,SS,98,375,48,104,23,1,18,58,0,0,29,81,0,2,1,0.277,0.329,0.488,0.817
Eduardo Nunez,BOS,3B,97,375,44,99,18,2,6,33,6,2,13,60,1,2,2,0.264,0.291,0.371,0.662
Justin Bour,MIA,1B,112,374,43,85,10,1,19,54,1,0,69,111,0,3,1,0.227,0.347,0.412,0.759
Jurickson Profar,TEX,OF,103,374,61,94,26,5,13,62,9,0,39,55,0,3,10,0.251,0.336,0.452,0.788
Jose Martinez,STL,1B,109,373,39,111,21,0,13,65,0,3,38,66,0,3,2,0.298,0.363,0.458,0.821
Nick Ahmed,ARI,SS,109,373,50,91,24,4,16,57,4,4,29,79,1,3,2,0.244,0.3,0.458,0.758
Eugenio Suarez,CIN,3B,99,373,60,113,19,2,26,88,1,0,45,92,0,6,6,0.303,0.381,0.574,0.955
Mike Trout,LAA,OF,109,372,82,115,21,3,30,60,21,2,99,97,0,3,7,0.309,0.459,0.624,1.083
Aaron Judge,NYY,OF,99,372,70,106,20,0,26,61,6,3,68,137,0,3,4,0.285,0.398,0.548,0.946
Jeimer Candelario,DET,3B,100,371,51,84,19,3,15,43,2,2,44,109,0,3,6,0.226,0.316,0.415,0.731
Miguel Rojas,MIA,SS,114,370,33,95,11,0,9,44,6,2,20,49,2,3,8,0.257,0.307,0.359,0.666
Corey Dickerson,PIT,OF,98,370,52,115,24,6,11,45,7,3,16,52,0,3,4,0.311,0.344,0.497,0.841
Jose Pirela,SD,OF,111,370,49,94,22,2,3,28,4,3,26,72,0,2,3,0.254,0.307,0.349,0.656
Kevin Pillar,TOR,OF,100,370,46,91,28,2,9,41,13,1,14,74,0,6,3,0.246,0.275,0.405,0.68
Teoscar Hernandez,TOR,OF,95,369,50,90,24,7,18,45,3,4,27,118,0,3,3,0.244,0.299,0.493,0.792
Ryon Healy,SEA,3B,98,369,40,85,11,0,21,56,0,0,15,85,0,1,2,0.23,0.264,0.431,0.695
Gregory Polanco,PIT,OF,106,368,65,90,26,5,19,65,7,2,52,100,0,6,3,0.245,0.338,0.497,0.835
Salvador Perez,KC,C,93,368,36,85,14,0,19,55,1,1,11,76,0,4,11,0.231,0.272,0.424,0.696
Eduardo Escobar,MIN,3B,97,368,45,101,37,3,15,63,1,3,34,91,0,3,3,0.274,0.338,0.514,0.852
Xander Bogaerts,BOS,SS,96,367,54,100,32,2,17,72,4,2,40,75,0,4,6,0.272,0.35,0.51,0.86
Scott Kingery,PHI,2B,109,367,45,82,19,1,5,30,8,3,21,99,0,4,2,0.223,0.266,0.322,0.588
Josh Bell,PIT,1B,107,366,56,98,23,4,7,51,0,3,48,74,0,5,0,0.268,0.348,0.41,0.758
Nelson Cruz,SEA,DH,101,365,50,98,13,1,30,75,1,0,37,79,0,2,12,0.268,0.353,0.556,0.909
Manny Machado,BAL,3B,96,365,48,115,21,1,24,65,8,1,45,51,0,3,0,0.315,0.387,0.575,0.962
Matt Chapman,OAK,3B,100,363,66,99,23,6,16,39,1,2,43,95,0,1,8,0.273,0.361,0.501,0.862
Buster Posey,SF,C,96,362,46,107,22,1,5,40,3,2,40,48,0,2,3,0.296,0.369,0.403,0.772
Amed Rosario,NYM,SS,108,361,44,85,17,6,4,31,11,6,20,80,3,2,2,0.235,0.278,0.349,0.627
Billy Hamilton,CIN,OF,111,360,57,82,8,5,3,23,27,4,36,102,0,2,1,0.228,0.298,0.303,0.601
Anthony Rendon,WAS,3B,91,360,52,104,28,1,16,58,0,1,33,64,0,6,1,0.289,0.345,0.506,0.851
Addison Russell,CHC,SS,104,358,49,94,20,1,5,36,4,0,37,80,1,2,2,0.263,0.333,0.366,0.699
Matt Kemp,LAD,OF,110,358,51,103,20,0,17,65,0,0,28,90,0,6,1,0.288,0.336,0.486,0.822
Michael Conforto,NYM,OF,104,356,49,83,15,0,14,40,2,2,61,105,0,3,5,0.233,0.351,0.393,0.744
Marwin Gonzalez,HOU,SS,107,355,40,86,16,3,10,46,2,3,42,95,4,2,3,0.242,0.326,0.389,0.715
Ian Kinsler,LAA,2B,91,355,49,85,20,0,13,32,9,4,30,40,0,2,4,0.239,0.304,0.406,0.71
Dansby Swanson,ATL,SS,97,354,36,84,20,3,8,40,5,2,28,93,4,1,1,0.237,0.294,0.379,0.673
Victor Martinez,DET,DH,101,354,22,84,12,0,6,35,0,0,26,37,0,4,1,0.237,0.288,0.322,0.61
Maikel Franco,PHI,3B,104,354,41,98,14,1,18,57,0,0,24,51,0,3,0,0.277,0.32,0.475,0.795
Nomar Mazara,TEX,OF,91,353,46,96,16,1,15,58,1,0,30,86,0,2,3,0.272,0.332,0.45,0.782
Willson Contreras,CHC,C,99,352,39,97,21,5,9,40,4,1,40,88,2,2,10,0.276,0.364,0.44,0.804
Chris Davis,BAL,1B,96,351,33,57,9,0,14,39,2,0,34,140,0,3,5,0.162,0.244,0.308,0.552
Tommy Pham,STL,OF,98,351,67,87,11,0,14,41,10,6,42,97,0,1,2,0.248,0.331,0.399,0.73
Manuel Margot,SD,OF,99,351,41,89,22,5,5,37,10,9,26,67,1,3,2,0.254,0.306,0.387,0.693
Jordy Mercer,PIT,SS,103,349,39,91,26,2,6,37,2,0,30,80,1,3,6,0.261,0.327,0.398,0.725
Jonathan Schoop,BAL,2B,85,349,45,85,18,1,17,40,0,1,12,74,1,2,3,0.244,0.273,0.447,0.72
Jason Heyward,CHC,OF,99,349,58,98,18,3,7,48,1,1,35,46,2,2,1,0.281,0.346,0.41,0.756
J.T. Realmuto,MIA,C,87,345,54,100,25,3,14,53,1,2,19,70,0,3,8,0.29,0.339,0.501,0.84
Jackie Bradley,BOS,OF,104,343,55,73,21,3,9,44,11,0,35,99,0,3,9,0.213,0.3,0.37,0.67
DJ LeMahieu,COL,2B,81,339,58,92,23,0,9,36,5,3,26,52,1,5,0,0.271,0.319,0.419,0.738
Alex Gordon,KC,OF,96,338,32,84,14,0,7,28,4,2,30,83,0,0,7,0.249,0.323,0.352,0.675
Jesus Aguilar,MIL,1B,106,338,56,92,18,0,28,83,0,0,43,102,0,7,4,0.272,0.355,0.574,0.929
JaCoby Jones,DET,OF,102,337,40,69,19,5,8,26,9,5,19,108,1,2,8,0.205,0.262,0.362,0.624
Tucker Barnhart,CIN,C,97,333,37,81,15,1,7,35,0,3,40,68,3,3,2,0.243,0.325,0.357,0.682
Aaron Hicks,NYY,OF,95,333,59,82,15,2,20,53,8,2,59,77,2,5,2,0.246,0.358,0.483,0.841
Albert Almora,CHC,OF,108,332,51,99,21,1,4,31,1,2,19,59,2,3,1,0.298,0.335,0.404,0.739
Carlos Gonzalez,COL,OF,96,331,56,95,22,3,14,51,4,2,27,80,0,2,1,0.287,0.341,0.498,0.839
Adam Duvall,CIN,OF,105,331,40,68,19,0,15,61,2,2,34,100,0,1,4,0.205,0.286,0.399,0.685
Kole Calhoun,LAA,OF,94,331,48,71,10,2,16,46,5,1,29,84,0,4,0,0.215,0.275,0.402,0.677
Kyle Schwarber,CHC,OF,102,328,52,80,12,1,20,48,3,3,61,107,1,2,1,0.244,0.362,0.47,0.832
Evan Gattis,HOU,C,101,328,43,79,17,0,21,67,1,0,28,81,0,6,3,0.241,0.301,0.485,0.786
Gerardo Parra,COL,OF,105,327,42,92,17,0,5,46,7,4,25,60,2,3,3,0.281,0.335,0.379,0.714
Christian Villanueva,SD,3B,101,327,41,76,14,0,20,45,3,0,22,95,0,1,7,0.232,0.294,0.459,0.753
Mallex Smith,TB,OF,105,327,43,98,18,9,1,27,25,8,35,70,7,2,5,0.3,0.374,0.419,0.793
Brandon Nimmo,NYM,OF,104,326,57,81,18,6,14,35,8,5,48,115,0,0,17,0.248,0.373,0.469,0.842
Joey Wendle,TB,2B,97,325,37,95,14,4,6,37,8,4,21,73,0,6,8,0.292,0.344,0.415,0.759
Yasmani Grandal,LAD,C,99,325,50,82,16,1,20,58,2,1,49,86,0,2,3,0.252,0.354,0.492,0.846
Joe Mauer,MIN,1B,84,322,37,86,17,1,3,34,0,0,38,51,1,2,2,0.267,0.346,0.354,0.7
Yadier Molina,STL,C,86,319,40,92,16,0,15,51,4,2,19,47,0,6,6,0.288,0.334,0.48,0.814
Logan Morrison,MIN,1B,95,318,41,59,13,0,15,39,1,0,34,80,0,1,6,0.186,0.276,0.368,0.644
Michael Taylor,WAS,OF,104,315,42,76,20,3,6,27,24,5,28,96,2,0,1,0.241,0.305,0.381,0.686
Colin Moran,PIT,3B,104,314,40,85,13,1,8,43,0,2,32,62,0,5,3,0.271,0.339,0.395,0.734
Evan Longoria,SF,3B,81,313,37,80,19,2,12,39,1,0,14,70,0,3,3,0.256,0.291,0.444,0.735
Brandon Belt,SF,1B,85,313,44,87,16,1,14,43,2,0,43,74,0,2,5,0.278,0.372,0.47,0.842
Rougned Odor,TEX,2B,87,313,57,86,19,2,14,45,9,8,30,84,2,3,9,0.275,0.352,0.482,0.834
Nick Williams,PHI,OF,106,312,38,81,8,2,16,44,2,2,26,85,0,0,7,0.26,0.33,0.452,0.782
Niko Goodrum,DET,2B,95,312,36,72,24,2,11,36,8,2,27,95,0,2,2,0.231,0.294,0.426,0.72
Josh Reddick,HOU,OF,93,310,47,77,11,2,12,38,6,2,33,57,1,2,0,0.248,0.319,0.413,0.732
Adrian Beltre,TEX,3B,83,309,32,86,14,1,7,40,0,0,25,72,0,7,4,0.278,0.333,0.398,0.731
Carlos Gomez,TB,OF,94,308,35,67,14,2,8,26,9,3,23,87,1,0,18,0.218,0.309,0.354,0.663
James McCann,DET,C,86,307,22,67,12,0,6,30,0,3,21,78,0,2,2,0.218,0.271,0.316,0.587
Mark Trumbo,BAL,OF,82,307,41,83,12,0,17,42,0,0,22,79,0,1,2,0.27,0.322,0.476,0.798
Mitch Moreland,BOS,1B,91,306,49,81,17,4,14,58,1,0,34,76,0,4,0,0.265,0.334,0.484,0.818
Kris Bryant,CHC,3B,76,304,46,84,21,3,11,44,2,4,39,75,0,2,13,0.276,0.38,0.474,0.854
Gorkys Hernandez,SF,OF,101,304,41,79,13,1,13,33,4,2,23,86,2,3,2,0.26,0.313,0.438,0.751
Jonathan Lucroy,OAK,C,89,304,29,73,18,1,2,40,0,0,24,47,1,4,2,0.24,0.296,0.326,0.622
Ben Zobrist,CHC,2B,95,303,54,94,18,2,8,44,2,4,45,44,0,6,2,0.31,0.396,0.462,0.858
Leonys Martin,DET,OF,78,303,45,76,15,3,9,29,7,3,29,75,0,1,3,0.251,0.321,0.409,0.73
Kendrys Morales,TOR,DH,93,303,32,74,14,0,13,38,2,2,36,72,0,4,1,0.244,0.323,0.419,0.742
Johan Camargo,ATL,SS,91,301,43,79,17,1,13,52,0,1,36,66,0,1,3,0.262,0.346,0.455,0.801
Mark Canha,OAK,OF,92,300,49,77,17,0,14,42,1,2,28,75,0,2,6,0.257,0.33,0.453,0.783
Wilmer Difo,WAS,SS,107,298,40,73,10,6,3,29,6,2,24,61,2,3,2,0.245,0.303,0.349,0.652
Joc Pederson,LAD,OF,108,296,49,75,22,3,18,45,1,4,31,55,1,2,3,0.253,0.328,0.53,0.858
Wilson Ramos,TB,C,78,293,30,87,14,0,14,53,0,0,22,61,0,0,0,0.297,0.346,0.488,0.834
Ian Happ,CHC,2B,103,292,46,70,13,1,12,33,5,1,56,124,0,2,2,0.24,0.364,0.414,0.778
Matt Davidson,CWS,3B,88,291,36,64,17,0,16,42,0,0,43,118,0,2,4,0.22,0.326,0.443,0.769
Adam Engel,CWS,OF,103,291,34,63,13,2,2,20,12,3,14,86,6,1,6,0.216,0.266,0.296,0.562
Yan Gomes,CLE,C,82,290,40,70,18,0,11,35,0,0,18,90,0,2,7,0.241,0.3,0.417,0.717
Max Muncy,LAD,2B,94,290,52,76,15,1,26,52,2,0,57,93,0,2,3,0.262,0.386,0.59,0.976
Lewis Brinson,MIA,OF,84,290,22,54,6,4,10,30,1,1,14,94,0,2,4,0.186,0.232,0.338,0.57
Dexter Fowler,STL,OF,90,289,40,52,10,0,8,31,5,2,38,75,0,4,3,0.18,0.278,0.298,0.576
Enrique Hernandez,LAD,SS,105,289,44,63,10,1,17,39,2,0,31,61,2,3,1,0.218,0.293,0.436,0.729
John Hicks,DET,1B,81,288,35,75,12,1,9,32,0,1,22,84,1,1,0,0.26,0.312,0.403,0.715
Yasiel Puig,LAD,OF,87,288,44,77,18,0,14,43,8,3,27,61,0,2,0,0.267,0.328,0.476,0.804
Aledmys Diaz,TOR,SS,86,287,43,75,15,0,14,34,3,3,12,37,0,2,2,0.261,0.294,0.46,0.754
Josh Harrison,PIT,2B,74,284,37,73,9,1,7,32,3,0,14,52,1,5,5,0.257,0.299,0.37,0.669
Delino DeShields Jr.,TEX,OF,81,283,47,59,12,1,2,21,18,3,39,73,9,1,3,0.208,0.31,0.279,0.589
Isiah Kiner-Falefa,TEX,SS,83,283,41,77,17,2,4,30,7,5,22,52,5,1,4,0.272,0.332,0.389,0.721
Daniel Robertson,TB,SS,88,282,46,74,16,0,9,34,2,2,43,77,0,2,13,0.262,0.382,0.415,0.797
Ryan Braun,MIL,OF,87,282,41,69,17,1,12,42,9,3,21,62,0,3,0,0.245,0.294,0.44,0.734
Wilmer Flores,NYM,3B,94,282,32,77,20,0,10,38,0,0,25,28,0,6,2,0.273,0.33,0.45,0.78
Randal Grichuk,TOR,OF,83,282,44,66,19,0,16,42,3,1,19,71,0,2,6,0.234,0.294,0.472,0.766
Jesse Winker,CIN,OF,89,281,38,84,16,0,7,43,0,0,49,46,1,1,2,0.299,0.405,0.431,0.836
Jorge Alfaro,PHI,C,85,279,30,71,15,1,7,27,0,0,15,115,0,1,9,0.254,0.313,0.391,0.704
Ronald Guzman,TEX,1B,87,278,36,68,14,2,12,46,1,0,24,94,0,1,5,0.245,0.315,0.439,0.754
Robbie Grossman,MIN,OF,92,277,32,70,17,1,4,34,0,0,35,66,1,4,0,0.253,0.332,0.365,0.697
Robinson Chirinos,TEX,C,83,275,40,61,14,1,15,48,2,0,36,117,0,1,13,0.222,0.338,0.444,0.782
Curtis Granderson,TOR,OF,91,272,41,64,18,1,10,31,2,1,38,93,1,1,3,0.235,0.334,0.419,0.753
Carlos Correa,HOU,SS,74,272,46,72,16,1,13,49,2,0,38,78,0,7,2,0.265,0.351,0.474,0.825
Gleyber Torres,NYY,SS,78,271,36,73,11,1,18,52,3,1,27,77,1,3,3,0.269,0.339,0.517,0.856
Daniel Palka,CWS,OF,82,269,38,64,11,3,18,46,2,1,16,97,0,0,0,0.238,0.281,0.502,0.783
Luis Valbuena,LAA,3B,96,266,23,53,9,0,9,33,3,0,19,100,0,2,1,0.199,0.253,0.335,0.588
Scott Schebler,CIN,OF,76,266,42,74,15,0,12,37,3,1,24,65,0,2,7,0.278,0.351,0.47,0.821
Martin Maldonado,LAA,C,78,265,24,59,14,0,5,32,0,1,13,73,1,1,10,0.223,0.284,0.332,0.616
Kolten Wong,STL,2B,97,265,30,60,12,2,7,25,3,3,21,48,5,2,13,0.226,0.312,0.366,0.678
Paul DeJong,STL,SS,70,263,42,64,14,1,11,32,0,1,25,75,0,2,6,0.243,0.321,0.43,0.751
Daniel Descalso,ARI,2B,105,262,41,67,16,4,9,44,0,1,53,78,0,7,2,0.256,0.377,0.45,0.827
Travis Jankowski,SD,OF,82,261,32,67,8,2,2,15,15,4,29,55,1,0,1,0.257,0.333,0.326,0.659
Kurt Suzuki,ATL,C,76,260,33,65,17,0,8,36,0,0,18,31,0,4,9,0.25,0.316,0.408,0.724
A.J. Pollock,ARI,OF,71,258,38,73,15,3,15,45,10,2,21,60,0,2,4,0.283,0.344,0.539,0.883
Jedd Gyorko,STL,3B,94,258,30,64,13,1,8,37,1,0,31,59,0,2,1,0.248,0.329,0.399,0.728
Mike Zunino,SEA,C,76,257,26,52,9,0,16,36,0,0,13,107,0,1,6,0.202,0.256,0.424,0.68
Jonathan Villar,MIL,2B,87,257,26,67,10,1,6,22,14,2,19,80,0,1,2,0.261,0.315,0.377,0.692
Danny Valencia,BAL,1B,79,255,28,67,8,1,9,28,1,1,22,53,0,5,0,0.263,0.316,0.408,0.724
Lucas Duda,KC,1B,72,255,26,61,9,1,10,41,1,0,19,78,0,3,8,0.239,0.309,0.4,0.709
Cameron Maybin,MIA,OF,99,251,20,63,12,1,3,20,8,5,32,55,0,2,2,0.251,0.338,0.343,0.681
Todd Frazier,NYM,3B,68,250,34,54,8,0,10,33,5,1,28,65,0,5,3,0.216,0.297,0.368,0.665
Chris Owings,ARI,SS,90,247,30,49,13,0,3,19,9,4,22,69,0,2,2,0.198,0.267,0.287,0.554
Juan Soto,WAS,OF,71,246,50,76,16,1,14,41,2,1,51,54,0,0,0,0.309,0.428,0.553,0.981
Gary Sanchez,NYY,C,66,245,37,46,14,0,14,42,0,0,31,67,0,1,2,0.188,0.283,0.416,0.699
Russell Martin,TOR,C,75,244,35,48,6,0,10,24,0,2,49,71,0,0,4,0.197,0.34,0.344,0.684
Ronald Acuna,ATL,OF,62,244,40,66,16,1,13,31,7,1,18,79,0,1,3,0.27,0.327,0.504,0.831
Devon Travis,TOR,2B,74,244,29,60,7,3,8,34,1,2,13,50,0,0,5,0.246,0.298,0.398,0.696
Neil Walker,NYY,2B,77,243,35,55,10,0,6,29,0,0,25,65,0,3,2,0.226,0.3,0.342,0.642
Manny Pina,MIL,C,74,243,30,58,10,2,6,19,0,0,16,50,1,2,4,0.239,0.294,0.37,0.664
Hernan Perez,MIL,3B,97,242,26,63,8,2,9,27,10,2,13,51,0,1,0,0.26,0.297,0.421,0.718
Guillermo Heredia,SEA,OF,98,242,22,55,10,1,4,14,1,3,26,49,6,2,4,0.227,0.31,0.326,0.636
Tim Beckham,BAL,SS,62,241,28,57,12,0,7,21,1,2,20,69,1,2,2,0.237,0.298,0.373,0.671
Orlando Arcia,MIL,SS,80,240,17,51,7,0,3,19,4,3,12,63,0,0,0,0.213,0.25,0.279,0.529
Elvis Andrus,TEX,SS,56,239,35,69,15,3,4,24,4,1,16,31,0,2,2,0.289,0.336,0.427,0.763
Jon Jay,KC,OF,59,238,28,73,9,2,1,18,3,2,19,39,4,2,3,0.307,0.363,0.374,0.737
Matt Adams,WAS,1B,87,237,37,64,9,0,18,48,0,0,24,52,0,0,4,0.27,0.347,0.536,0.883
Leury Garcia,CWS,OF,73,236,22,66,7,4,4,31,11,1,8,62,2,1,3,0.28,0.31,0.394,0.704
Brock Holt,BOS,2B,75,233,24,61,15,1,2,29,6,4,26,46,0,2,5,0.262,0.346,0.361,0.707
Hunter Renfroe,SD,OF,73,232,31,57,17,1,12,39,1,0,21,64,0,3,2,0.246,0.31,0.483,0.793
Harrison Bader,STL,OF,92,231,41,63,9,1,7,18,12,2,18,71,1,0,4,0.273,0.336,0.411,0.747
Pablo Sandoval,SF,3B,92,230,22,57,10,1,9,40,0,0,19,52,0,1,2,0.248,0.31,0.417,0.727
Francisco Cervelli,PIT,C,72,229,32,59,9,3,11,47,1,2,39,56,1,3,10,0.258,0.384,0.467,0.851
Zack Cozart,LAA,SS,58,224,29,49,13,2,5,18,0,0,19,42,0,3,7,0.219,0.296,0.362,0.658
Jorge Soler,KC,OF,61,223,27,59,18,0,9,28,3,1,28,69,0,2,4,0.265,0.354,0.466,0.82
Joe Panik,SF,2B,63,223,28,53,11,1,4,16,1,2,19,16,1,2,3,0.238,0.304,0.35,0.654
Mitch Garver,MIN,C,77,222,24,58,12,1,6,26,0,0,24,58,1,1,2,0.261,0.337,0.405,0.742
Ehire Adrianza,MIN,SS,79,221,28,55,15,1,4,21,4,0,19,63,4,1,1,0.249,0.31,0.38,0.69
Chris Iannetta,COL,C,73,219,23,50,9,1,8,26,0,0,30,66,1,3,5,0.228,0.331,0.388,0.719
Adeiny Hechavarria,TB,SS,61,217,29,56,7,0,3,26,1,0,12,37,2,6,0,0.258,0.289,0.332,0.621
Cory Spangenberg,SD,3B,79,217,26,51,7,2,6,20,5,1,9,72,3,0,2,0.235,0.272,0.369,0.641
Hunter Dozier,KC,OF,64,215,20,47,9,1,5,14,1,2,19,69,0,0,0,0.219,0.282,0.34,0.622
Dixon Machado,DET,SS,67,214,20,44,13,1,1,21,1,1,14,41,1,1,3,0.206,0.263,0.29,0.553
Chad Pinder,OAK,SS,72,214,30,55,9,1,10,23,0,1,19,64,1,0,5,0.257,0.332,0.449,0.781
Avisail Garcia,CWS,OF,54,213,28,54,8,2,13,26,1,1,6,56,0,3,2,0.254,0.277,0.493,0.77
Jay Bruce,NYM,OF,62,212,17,45,12,1,3,17,2,1,24,48,0,0,0,0.212,0.292,0.321,0.613
Aaron Altherr,PHI,OF,89,210,22,36,8,1,6,33,1,2,33,81,0,2,3,0.171,0.29,0.305,0.595
Greg Bird,NYY,1B,62,209,18,44,10,1,9,27,0,0,24,62,0,4,5,0.211,0.302,0.397,0.699
Charlie Culberson,ATL,SS,77,209,33,60,15,2,8,32,3,2,13,57,0,0,1,0.287,0.332,0.493,0.825
Yairo Munoz,STL,SS,76,208,21,59,12,0,6,31,5,5,20,54,0,1,1,0.284,0.348,0.428,0.776
Eric Thames,MIL,1B,65,207,37,48,9,2,16,36,6,0,22,73,0,0,2,0.232,0.312,0.527,0.839
Jake Lamb,ARI,3B,56,207,34,46,8,0,6,31,1,2,26,65,0,4,1,0.222,0.307,0.348,0.655
Christian Vazquez,BOS,C,60,207,18,44,9,0,3,14,2,1,7,33,1,0,3,0.213,0.249,0.3,0.549
Jarrod Dyson,ARI,OF,67,206,29,39,4,2,2,12,16,3,27,34,3,1,0,0.189,0.282,0.257,0.539
Kevin Kiermaier,TB,OF,52,206,28,37,5,4,4,17,7,2,19,63,0,1,2,0.18,0.254,0.301,0.555
Alen Hanson,SF,2B,71,206,31,58,15,4,6,32,6,1,8,42,2,2,0,0.282,0.306,0.481,0.787
David Freese,PIT,3B,83,205,27,60,9,1,9,41,0,0,18,47,0,3,1,0.293,0.348,0.478,0.826
Elias Diaz,PIT,C,68,203,29,58,10,0,8,27,0,0,14,29,0,2,1,0.286,0.332,0.453,0.785
Jake Bauers,TB,1B,56,202,34,47,16,2,9,33,4,4,33,60,0,2,2,0.233,0.343,0.465,0.808
Ben Gamel,SEA,OF,72,200,26,58,10,4,1,12,6,3,19,43,0,0,3,0.29,0.36,0.395,0.755
Max Stassi,HOU,C,69,196,25,48,13,0,8,27,0,0,20,62,0,0,5,0.245,0.33,0.434,0.764
Sandy Leon,BOS,C,62,195,26,42,10,0,4,20,1,0,13,53,2,1,2,0.215,0.27,0.328,0.598
JT Riddle,MIA,SS,64,195,18,43,5,4,5,21,0,1,7,45,3,0,0,0.221,0.248,0.364,0.612
Logan Forsythe,LAD,2B,70,193,18,40,10,0,2,13,2,0,17,43,0,1,0,0.207,0.27,0.29,0.56
Matt Joyce,OAK,OF,63,192,30,39,9,0,7,13,0,2,30,51,1,2,1,0.203,0.311,0.359,0.67
Justin Turner,LAD,3B,57,191,27,52,10,0,6,22,1,1,24,26,0,1,7,0.272,0.372,0.419,0.791
Jon Jay,ARI,OF,49,189,34,44,8,3,2,18,1,1,9,36,0,1,12,0.233,0.308,0.339,0.647
Domingo Santana,MIL,OF,62,189,15,47,11,0,3,17,1,1,18,69,0,3,1,0.249,0.313,0.354,0.667
Adam Eaton,WAS,OF,55,189,32,57,8,0,3,20,4,1,19,35,0,0,7,0.302,0.386,0.392,0.778
Miguel Sano,MIN,3B,49,188,24,41,13,0,8,31,0,0,20,84,0,1,0,0.218,0.292,0.415,0.707
Caleb Joseph,BAL,C,56,187,22,41,11,2,3,14,2,1,7,51,1,0,2,0.219,0.255,0.348,0.603
Omar Narvaez,CWS,C,66,186,19,53,12,1,4,20,0,2,24,37,2,0,1,0.285,0.37,0.425,0.795
Carlos Asuaje,SD,2B,75,186,15,37,8,1,2,19,1,1,24,43,1,3,1,0.199,0.29,0.285,0.575
Denard Span,SEA,OF,56,185,23,57,9,5,5,23,1,1,13,29,0,5,1,0.308,0.348,0.492,0.84
Martin Prado,MIA,3B,50,185,15,43,8,0,1,13,0,1,10,33,0,0,0,0.232,0.272,0.292,0.564
Adam Frazier,PIT,OF,72,184,29,53,12,2,4,16,0,2,16,30,1,1,2,0.288,0.35,0.44,0.79
Jose Bautista,NYM,3B,65,183,27,38,12,0,6,25,2,2,42,67,0,1,2,0.208,0.36,0.372,0.732
Dustin Fowler,OAK,OF,59,182,18,42,3,2,6,21,6,4,7,43,0,2,1,0.231,0.26,0.368,0.628
Pedro Severino,WAS,C,63,181,13,31,9,0,2,15,1,0,17,46,0,1,4,0.171,0.256,0.254,0.51
Austin Hedges,SD,C,55,180,19,46,8,0,9,25,2,0,14,58,0,1,1,0.256,0.311,0.45,0.761
John Ryan Murphy,ARI,C,67,177,19,37,7,0,9,24,0,0,10,57,1,1,1,0.209,0.254,0.401,0.655
Hanley Ramirez,BOS,DH,44,177,25,45,7,0,6,29,4,1,14,35,0,2,2,0.254,0.313,0.395,0.708
Jake Marisnick,HOU,OF,79,175,28,38,7,0,9,23,4,1,11,75,0,0,4,0.217,0.279,0.411,0.69
Tyler Naquin,CLE,OF,61,174,22,46,7,0,3,23,1,1,6,42,0,1,2,0.264,0.295,0.356,0.651
Nick Hundley,SF,C,61,174,23,42,7,1,9,26,0,0,12,48,0,0,0,0.241,0.29,0.448,0.738
Rajai Davis,CLE,OF,75,173,29,43,6,1,1,6,16,5,9,39,3,1,3,0.249,0.296,0.312,0.608
Wil Myers,SD,1B,44,172,21,47,13,1,9,30,5,0,11,54,0,0,0,0.273,0.317,0.517,0.834
Luke Maile,TOR,C,56,172,20,41,10,1,3,26,2,0,21,61,0,2,1,0.238,0.321,0.36,0.681
Austin Romine,NYY,C,55,171,22,45,12,0,7,33,1,0,13,40,1,2,1,0.263,0.316,0.456,0.772
Johnny Field,TB,OF,63,169,20,36,9,0,6,14,4,0,7,58,1,0,2,0.213,0.253,0.373,0.626
Devin Mesoraco,NYM,C,54,169,21,38,6,0,8,25,0,0,19,34,0,1,2,0.225,0.309,0.402,0.711
Adrian Gonzalez,NYM,1B,54,169,15,40,5,0,6,26,0,0,15,34,0,2,1,0.237,0.299,0.373,0.672
Jose Reyes,NYM,SS,83,168,20,31,7,0,3,10,5,2,17,28,0,0,0,0.185,0.259,0.28,0.539
Jace Peterson,BAL,OF,69,165,16,32,11,1,3,23,9,2,26,47,1,1,3,0.194,0.313,0.327,0.64
Nicky Delmonico,CWS,OF,53,163,17,37,8,3,3,11,1,2,20,39,0,0,4,0.227,0.326,0.368,0.694
Tony Kemp,HOU,OF,60,163,23,49,11,0,4,24,8,3,23,25,3,1,2,0.301,0.392,0.442,0.834
Tyler Flowers,ATL,C,51,160,21,38,6,0,5,19,0,0,27,45,0,0,6,0.238,0.368,0.369,0.737
Andrew Knapp,PHI,C,67,160,18,35,6,2,4,15,1,0,19,62,0,1,2,0.219,0.308,0.356,0.664
Austin Barnes,LAD,C,79,159,23,32,4,0,1,8,2,2,24,49,1,0,6,0.201,0.328,0.245,0.573
Ryan Zimmerman,WAS,1B,46,157,14,39,9,2,7,26,0,0,13,31,0,0,3,0.248,0.318,0.465,0.783
Brad Miller,TB,2B,48,156,16,40,10,1,5,21,0,0,16,51,0,2,0,0.256,0.322,0.429,0.751
Brian McCann,HOU,C,50,155,17,32,3,0,5,17,0,0,13,34,0,1,4,0.206,0.283,0.323,0.606
Daniel Murphy,WAS,2B,47,155,13,46,9,0,4,24,1,0,12,14,0,2,0,0.297,0.343,0.432,0.775
Austin Meadows,PIT,OF,49,154,16,45,8,2,5,13,4,1,8,35,0,2,1,0.292,0.327,0.468,0.795
David Fletcher,LAA,2B,1,152,17,40,9,1,1,14,1,0,10,20,1,2,2,0.263,0.313,0.355,0.668
Howie Kendrick,WAS,OF,40,152,17,46,14,0,4,12,1,1,5,29,0,1,2,0.303,0.331,0.474,0.805
Greg Allen,CLE,OF,49,151,18,35,4,2,1,5,7,0,6,37,3,1,1,0.232,0.264,0.305,0.569
Chance Sisco,BAL,C,58,149,13,29,8,0,2,16,1,0,13,62,0,0,11,0.195,0.306,0.289,0.595
Hunter Pence,SF,OF,62,149,8,32,6,1,1,16,3,0,8,42,0,2,0,0.215,0.252,0.289,0.541
Austin Jackson,SF,OF,59,149,12,36,8,0,0,13,2,1,14,59,0,1,1,0.242,0.309,0.295,0.604
Ryan Flaherty,ATL,3B,71,148,16,34,6,0,2,13,4,2,16,37,1,1,1,0.23,0.307,0.311,0.618
Sean Rodriguez,PIT,OF,63,147,20,24,5,1,5,18,1,0,22,58,0,0,1,0.163,0.276,0.313,0.589
Chase Utley,LAD,2B,69,146,17,35,10,1,1,14,2,1,14,28,0,1,4,0.24,0.321,0.342,0.663
Rosell Herrera,KC,OF,38,146,12,38,8,2,1,15,1,3,9,30,1,2,1,0.26,0.304,0.363,0.667
Willy Adames,TB,SS,43,144,20,34,4,0,5,14,3,2,11,49,0,2,0,0.236,0.287,0.368,0.655
Denard Span,TB,OF,43,143,27,34,7,1,4,28,6,2,28,24,0,1,1,0.238,0.364,0.385,0.749
Robinson Cano,SEA,2B,39,143,24,41,10,0,4,23,0,0,21,23,0,2,3,0.287,0.385,0.441,0.826
Alex Avila,ARI,C,60,143,10,25,5,0,5,15,0,0,27,67,0,1,1,0.175,0.308,0.315,0.623
Lourdes Gurriel,TOR,2B,38,143,16,46,5,0,7,22,1,1,3,29,0,0,1,0.322,0.34,0.503,0.843
Brandon Guyer,CLE,OF,70,141,17,29,8,0,6,22,1,0,11,34,0,0,6,0.206,0.291,0.39,0.681
Yoenis Cespedes,NYM,OF,38,141,20,37,6,0,9,29,3,0,13,50,0,2,1,0.262,0.325,0.496,0.821
Franchy Cordero,SD,OF,40,139,19,33,5,1,7,19,5,2,14,55,1,0,0,0.237,0.307,0.439,0.746
Steven Souza,ARI,OF,39,138,12,35,9,2,3,20,3,1,13,40,0,0,2,0.254,0.327,0.413,0.74
Josh Donaldson,TOR,3B,36,137,22,32,11,0,5,16,2,0,21,44,0,1,0,0.234,0.333,0.423,0.756
Mark Reynolds,WAS,1B,55,136,20,37,3,0,11,29,0,0,20,40,0,2,0,0.272,0.361,0.537,0.898
Noel Cuevas,COL,OF,63,136,14,33,4,1,2,8,0,0,6,22,0,0,1,0.243,0.28,0.331,0.611
Drew Butera,KC,C,48,135,9,25,7,0,2,17,0,0,13,35,0,2,2,0.185,0.263,0.281,0.544
Joey Rickard,BAL,OF,52,135,20,30,6,1,6,20,2,0,12,33,0,0,1,0.222,0.291,0.415,0.706
Kevin Plawecki,NYM,C,44,135,17,30,9,1,3,15,0,1,17,38,0,1,6,0.222,0.333,0.37,0.703
Greg Garcia,STL,2B,86,134,14,31,5,0,3,11,1,1,16,28,1,2,2,0.231,0.318,0.336,0.654
Abraham Almonte,KC,OF,50,134,15,24,1,2,3,9,2,2,15,36,1,1,0,0.179,0.26,0.284,0.544
Miguel Cabrera,DET,1B,38,134,17,40,11,0,3,22,0,0,22,27,0,1,0,0.299,0.395,0.448,0.843
Roberto Perez,CLE,C,46,133,11,21,5,1,1,8,0,0,15,55,4,1,1,0.158,0.247,0.233,0.48
Jeff Mathis,ARI,C,45,133,12,28,8,1,0,16,0,0,17,40,1,2,0,0.211,0.296,0.286,0.582
Matt Wieters,WAS,C,42,133,13,27,4,0,4,12,0,1,17,25,1,1,1,0.203,0.296,0.323,0.619
Jake Cave,MIN,OF,46,131,24,37,9,2,4,21,1,0,6,41,1,2,0,0.282,0.309,0.473,0.782
J.B. Shuck,MIA,OF,70,130,10,25,3,1,0,4,2,2,10,22,1,0,1,0.192,0.255,0.231,0.486
Jefry Marte,LAA,1B,62,130,17,27,5,1,4,15,0,0,6,28,0,0,1,0.208,0.248,0.354,0.602
Tony Wolters,COL,C,51,129,13,20,1,3,2,18,2,0,18,24,0,1,5,0.155,0.281,0.256,0.537
Jorge Polanco,MIN,SS,34,129,17,37,8,2,1,13,4,2,13,31,0,0,1,0.287,0.357,0.403,0.76
Alex Blandino,CIN,SS,69,128,14,30,4,0,1,8,0,0,13,41,2,0,4,0.234,0.324,0.289,0.613
Jesus Sucre,TB,C,50,126,6,27,4,0,0,14,1,0,8,19,2,2,0,0.214,0.257,0.246,0.503
Kelby Tomlinson,SF,2B,53,124,9,28,4,2,0,10,0,1,8,31,0,0,2,0.226,0.284,0.29,0.574
Ryan Rua,TEX,OF,56,124,16,24,2,1,6,12,3,1,5,44,2,1,0,0.194,0.223,0.371,0.594
Bobby Wilson,MIN,C,42,124,10,21,8,0,1,14,0,0,9,32,2,2,0,0.169,0.222,0.258,0.48
Tommy La Stella,CHC,2B,91,124,17,35,5,0,0,17,0,1,13,17,0,0,1,0.282,0.355,0.323,0.678
Ryan McMahon,COL,1B,60,123,10,30,8,1,3,13,0,0,15,42,0,1,0,0.244,0.324,0.398,0.722
Victor Reyes,DET,OF,64,123,19,27,2,2,0,7,7,1,2,27,0,0,0,0.22,0.232,0.268,0.5
Craig Gentry,BAL,OF,59,123,9,30,3,2,0,8,10,3,10,27,1,0,1,0.244,0.306,0.301,0.607
A.J. Ellis,SD,C,49,123,16,35,7,0,1,13,0,0,23,29,3,1,1,0.285,0.399,0.366,0.765
Franmil Reyes,SD,OF,43,122,20,32,5,0,9,13,0,0,8,46,0,0,0,0.262,0.308,0.525,0.833
Tyler Austin,NYY,1B,34,121,16,27,6,0,8,23,1,1,8,53,0,1,2,0.223,0.28,0.471,0.751
Trayce Thompson,CWS,OF,48,121,14,14,3,0,3,9,3,1,7,46,1,1,0,0.116,0.163,0.215,0.378
Adalberto Mondesi,KC,2B,35,120,21,31,6,1,4,14,12,3,2,35,1,0,0,0.258,0.27,0.425,0.695
Gregor Blanco,SF,OF,42,120,13,29,4,3,1,5,3,2,8,37,1,0,0,0.242,0.289,0.35,0.639
Preston Tucker,ATL,OF,62,117,14,30,10,0,4,22,0,0,7,33,0,1,2,0.256,0.307,0.444,0.751
Welington Castillo,CWS,C,33,116,12,31,5,0,6,15,0,0,6,33,0,0,1,0.267,0.309,0.466,0.775
Blake Swihart,BOS,C,51,115,13,26,6,0,1,6,3,1,10,31,0,0,0,0.226,0.288,0.304,0.592
Ryan Goins,KC,SS,41,115,10,26,8,1,0,6,0,0,4,29,1,0,0,0.226,0.252,0.313,0.565
Bryan Holaday,MIA,C,44,114,5,20,1,0,1,12,0,0,7,20,1,2,2,0.175,0.232,0.211,0.443
Jorge Bonifacio,KC,OF,31,114,14,24,10,1,1,9,0,0,12,33,0,0,1,0.211,0.291,0.342,0.633
Victor Caratini,CHC,C,47,113,14,29,6,0,0,10,0,0,8,24,0,1,2,0.257,0.315,0.31,0.625
Melky Cabrera,CLE,OF,35,113,10,27,7,0,1,12,0,0,8,17,0,4,1,0.239,0.286,0.327,0.613
Chris Young,LAA,OF,56,113,17,19,2,1,6,13,2,0,11,37,1,1,2,0.168,0.252,0.363,0.615
Yadiel Rivera,MIA,3B,88,112,12,22,2,0,1,8,2,1,18,36,0,2,0,0.196,0.303,0.241,0.544
Pedro Alvarez,BAL,DH,45,111,18,20,2,0,8,18,0,0,16,36,0,0,0,0.18,0.283,0.414,0.697
David Dahl,COL,OF,38,110,10,30,4,2,5,15,3,1,7,31,0,1,1,0.273,0.319,0.482,0.801
Pat Valaika,COL,SS,54,107,7,16,4,0,2,4,0,0,9,27,2,0,0,0.15,0.216,0.243,0.459
Francisco Pena,STL,C,44,107,8,22,2,0,2,7,1,0,4,32,0,1,1,0.206,0.239,0.28,0.519
Erik Kratz,MIL,C,34,106,13,24,3,0,3,10,1,0,3,19,0,1,3,0.226,0.265,0.34,0.605
Bradley Zimmer,CLE,OF,34,106,14,24,5,0,2,9,4,1,7,44,0,0,1,0.226,0.281,0.33,0.611
Kevan Smith,CWS,C,29,106,12,31,3,0,0,10,1,0,4,11,0,0,4,0.292,0.342,0.321,0.663
Charlie Tilson,CWS,OF,41,106,7,28,1,1,0,11,2,3,10,20,2,1,1,0.264,0.331,0.292,0.623
Mikie Mahtook,DET,OF,30,105,7,21,4,1,0,5,2,1,6,31,0,2,0,0.2,0.239,0.257,0.496
Tyler Saladino,MIL,SS,37,104,10,27,3,0,4,15,2,2,9,33,1,1,1,0.26,0.322,0.404,0.726
Cheslor Cuthbert,KC,3B,30,103,11,20,2,0,3,7,0,1,11,23,0,1,2,0.194,0.282,0.301,0.583
Raffy Lopez,SD,C,37,102,11,18,2,0,3,13,1,0,13,43,0,2,0,0.176,0.265,0.284,0.549
Corey Seager,LAD,SS,26,101,13,27,5,1,2,13,0,0,11,17,0,1,2,0.267,0.348,0.396,0.744
Erik Gonzalez,CLE,2B,57,101,13,31,9,1,1,15,3,0,4,27,0,0,1,0.307,0.34,0.446,0.786
Anthony Santander,BAL,OF,33,101,8,20,5,1,1,6,1,0,6,21,0,0,1,0.198,0.25,0.297,0.547
Andrew Romine,SEA,3B,57,100,13,21,2,0,0,1,1,0,7,33,4,0,1,0.21,0.269,0.23,0.499
Ryan LaMarre,MIN,OF,43,99,7,26,5,0,0,8,1,1,8,33,0,1,1,0.263,0.321,0.313,0.634
Eric Sogard,MIL,2B,55,97,7,13,3,0,0,2,3,0,12,23,1,1,2,0.134,0.241,0.165,0.406
Mac Williamson,SF,OF,28,94,14,20,4,0,4,11,1,1,11,27,0,0,0,0.213,0.295,0.383,0.678
J.P. Crawford,PHI,3B,34,93,14,18,5,1,2,8,2,0,12,33,2,0,4,0.194,0.312,0.333,0.645
Byron Buxton,MIN,OF,28,90,8,14,4,0,0,4,5,0,3,28,1,0,0,0.156,0.183,0.2,0.383
Paulo Orlando,KC,OF,25,90,6,15,3,0,0,5,0,0,3,25,0,0,0,0.167,0.194,0.2,0.394
Steven Duggar,SF,OF,24,89,13,23,8,0,1,12,2,1,8,28,0,1,0,0.258,0.316,0.382,0.698
Austin Slater,SF,OF,35,88,14,27,4,0,0,12,4,0,17,31,0,1,3,0.307,0.431,0.352,0.783
Tom Murphy,COL,C,31,88,5,20,7,1,2,11,0,1,3,41,0,0,0,0.227,0.253,0.398,0.651
Phillip Ervin,CIN,OF,38,88,13,26,5,1,2,15,1,1,9,26,0,3,3,0.295,0.369,0.443,0.812
Drew Robinson,TEX,OF,32,86,15,16,3,0,1,5,2,1,13,48,0,0,0,0.186,0.293,0.256,0.549
J.D. Davis,HOU,3B,30,85,9,15,2,0,1,5,0,0,8,23,0,0,0,0.176,0.247,0.235,0.482
Lonnie Chisenhall,CLE,OF,29,84,11,27,6,1,1,9,1,0,8,12,1,0,2,0.321,0.394,0.452,0.846
Rob Refsnyder,TB,2B,40,84,10,14,3,0,2,5,0,2,18,26,0,0,0,0.167,0.314,0.274,0.588
Manny Machado,LAD,3B,21,83,9,23,4,1,2,5,3,0,11,26,0,0,0,0.277,0.362,0.422,0.784
Ronny Rodriguez,DET,SS,28,82,9,14,1,0,0,3,0,0,6,22,1,1,0,0.171,0.225,0.183,0.408
Carlos Tocci,TEX,OF,46,82,5,15,2,1,0,3,0,3,4,34,5,0,1,0.183,0.23,0.232,0.462
Jesmuel Valentin,PHI,2B,46,79,8,14,5,1,1,6,0,0,8,24,0,1,1,0.177,0.258,0.304,0.562
Steve Pearce,TOR,OF,26,79,16,23,6,0,4,16,0,0,7,14,0,0,0,0.291,0.349,0.519,0.868
Deven Marrero,ARI,3B,49,78,11,13,1,1,0,7,3,0,6,23,0,1,0,0.167,0.224,0.205,0.429
David Freitas,SEA,C,29,78,8,15,4,0,1,4,0,0,8,21,1,0,0,0.192,0.267,0.282,0.549
Derek Fisher,HOU,OF,39,77,13,13,2,2,4,11,2,0,5,40,0,2,0,0.169,0.214,0.403,0.617
Spencer Kieboom,WAS,C,31,76,8,15,3,0,0,5,0,0,9,20,0,1,1,0.197,0.287,0.237,0.524
Matt Szczur,SD,OF,57,75,11,14,3,0,1,6,3,0,8,24,1,0,0,0.187,0.265,0.267,0.532
Brad Miller,MIL,2B,27,74,5,17,3,1,2,8,0,0,6,31,0,0,0,0.23,0.288,0.378,0.666
Jose Briceno,LAA,C,28,71,8,21,1,0,2,7,0,1,4,19,1,0,1,0.296,0.342,0.394,0.736
David Bote,CHC,2B,32,71,11,23,5,1,2,14,3,4,11,18,0,2,2,0.324,0.419,0.507,0.926
Dominic Smith,NYM,1B,28,71,6,13,5,1,1,1,0,0,1,26,0,0,2,0.183,0.216,0.324,0.54
Tyler White,HOU,1B,25,68,9,19,3,1,5,9,0,0,11,20,0,0,0,0.279,0.38,0.574,0.954
Luis Guillorme,NYM,SS,35,67,4,14,2,0,0,5,1,0,7,3,0,0,0,0.209,0.284,0.239,0.523
Willie Calhoun,TEX,OF,21,67,7,18,5,0,1,9,0,0,4,17,0,2,1,0.269,0.311,0.388,0.699
Daniel Vogelbach,SEA,1B,25,66,6,14,2,0,2,7,0,0,11,24,0,0,2,0.212,0.342,0.333,0.675
Ronald Torreyes,NYY,SS,24,65,7,21,6,0,0,6,0,0,2,9,0,0,0,0.323,0.343,0.415,0.758
Brian Goodwin,WAS,OF,48,65,9,13,1,0,3,12,3,1,10,26,1,1,2,0.2,0.321,0.354,0.675
Curt Casali,CIN,C,26,65,7,19,5,0,2,7,0,2,9,14,1,0,2,0.292,0.395,0.462,0.857
Steve Pearce,BOS,OF,22,64,12,20,5,0,5,14,0,0,9,13,0,1,4,0.313,0.423,0.625,1.048
Jett Bandy,MIL,C,24,64,5,12,2,0,1,1,0,0,3,23,0,0,4,0.188,0.268,0.266,0.534
Jason Castro,MIN,C,19,63,4,9,3,0,1,3,0,0,9,26,0,1,1,0.143,0.257,0.238,0.495
Jose Osuna,PIT,OF,30,63,4,12,3,0,2,8,0,0,1,14,0,0,0,0.19,0.203,0.333,0.536
Kyle Farmer,LAD,C,32,63,1,15,4,0,0,8,0,0,5,13,0,1,2,0.238,0.31,0.302,0.612
Franklin Barreto,OAK,SS,23,61,8,15,4,0,4,13,0,0,1,25,0,0,1,0.246,0.27,0.508,0.778
Juan Lagares,NYM,OF,30,59,9,20,1,1,0,6,3,1,3,9,0,1,1,0.339,0.375,0.39,0.765
Tyler Wade,NYY,2B,25,59,6,11,4,0,1,5,0,0,4,20,0,0,0,0.186,0.238,0.305,0.543
Max Moroff,PIT,2B,26,59,7,11,1,0,3,9,0,0,7,24,0,0,1,0.186,0.284,0.356,0.64
Brandon Dixon,CIN,3B,42,59,7,10,1,0,2,4,0,0,3,19,0,0,0,0.169,0.21,0.288,0.498
Renato Nunez,BAL,OF,16,57,10,17,7,0,1,4,0,0,3,15,0,0,1,0.298,0.344,0.474,0.818
Pedro Florimon,PHI,OF,33,57,11,15,5,1,2,5,1,1,5,20,0,0,0,0.263,0.323,0.491,0.814
Bruce Maxwell,OAK,C,18,55,5,10,4,0,1,6,0,0,2,13,0,1,0,0.182,0.207,0.309,0.516
Tyler O'Neill,STL,OF,23,55,10,17,1,0,3,9,1,0,2,24,0,2,1,0.309,0.333,0.491,0.824
Ji-Man Choi,TB,1B,16,54,4,12,2,0,3,9,0,0,6,18,0,1,1,0.222,0.306,0.426,0.732
Chase d'Arnaud,SF,SS,20,54,5,14,2,0,3,8,0,1,2,18,0,1,0,0.259,0.281,0.463,0.744
Nick Martini,OAK,OF,26,54,9,14,5,1,0,8,0,0,9,14,0,1,4,0.259,0.397,0.389,0.786
Keon Broxton,MIL,OF,25,54,9,10,2,1,2,6,4,1,11,18,0,0,0,0.185,0.323,0.37,0.693
Rene Rivera,LAA,C,22,54,7,14,3,0,3,10,0,0,4,21,0,0,1,0.259,0.322,0.481,0.803
Jim Adduci,DET,OF,22,54,8,13,2,0,2,6,1,0,2,18,0,0,0,0.241,0.268,0.389,0.657
Moises Sierra,WAS,OF,27,54,4,9,2,0,0,4,1,1,2,20,0,2,2,0.167,0.217,0.204,0.421
Josh Phegley,OAK,C,19,53,8,12,4,0,2,10,0,0,4,16,0,2,0,0.226,0.271,0.415,0.686
Christian Arroyo,TB,3B,20,53,5,14,2,1,1,6,0,0,6,16,0,0,0,0.264,0.339,0.396,0.735
Chase Headley,SD,3B,27,52,2,6,1,0,0,4,0,0,6,20,0,0,2,0.115,0.233,0.135,0.368
Chris Herrmann,SEA,C,21,51,4,12,4,1,1,3,0,0,7,14,0,1,0,0.235,0.322,0.412,0.734
Dwight Smith,TOR,OF,25,51,7,13,5,0,2,7,0,0,6,10,0,1,2,0.255,0.35,0.471,0.821
Brandon Drury,NYY,2B,18,51,2,9,2,0,1,7,0,0,5,12,0,0,1,0.176,0.263,0.275,0.538
Alex Verdugo,LAD,OF,14,50,7,14,5,0,1,3,0,0,5,7,1,0,0,0.28,0.345,0.44,0.785
Magneuris Sierra,MIA,OF,15,49,2,9,2,0,0,2,0,1,0,13,0,0,0,0.184,0.184,0.224,0.408
Jose Rondon,CWS,SS,22,49,8,12,3,0,3,6,2,0,3,16,0,0,0,0.245,0.288,0.49,0.778
Grayson Greiner,DET,C,14,48,4,11,3,0,0,5,0,1,5,16,0,1,0,0.229,0.296,0.292,0.588
Kyle Higashioka,NYY,C,16,48,4,8,2,0,3,4,0,0,4,12,0,0,0,0.167,0.231,0.396,0.627
Andrew Stevenson,WAS,OF,25,47,7,12,2,0,0,8,0,1,4,12,1,2,1,0.255,0.315,0.298,0.613
Jose Lobaton,NYM,C,19,46,3,7,2,1,0,3,0,0,7,14,0,0,0,0.152,0.264,0.239,0.503
Daniel Castro,COL,SS,18,46,2,8,1,0,1,6,0,0,1,7,0,0,0,0.174,0.191,0.261,0.452
Kyle Tucker,HOU,OF,16,45,8,7,1,1,0,3,1,1,4,10,0,0,1,0.156,0.24,0.222,0.462
Colby Rasmus,BAL,OF,18,45,5,6,1,0,1,1,0,0,3,19,0,0,1,0.133,0.204,0.222,0.426
Jeff McNeil,NYM,2B,15,45,6,13,2,0,2,4,0,0,5,6,2,0,3,0.289,0.396,0.467,0.863
Mike Moustakas,MIL,3B,13,45,4,13,3,0,2,6,0,0,2,6,0,1,0,0.289,0.313,0.489,0.802
Asdrubal Cabrera,PHI,SS,12,44,5,10,2,0,2,6,0,0,2,10,0,0,1,0.227,0.277,0.409,0.686
Tomas Nido,NYM,C,21,44,4,7,1,0,0,3,0,0,3,16,0,1,0,0.159,0.208,0.182,0.39
Peter Bourjos,ATL,OF,36,44,5,9,2,1,1,4,0,0,2,15,1,0,0,0.205,0.239,0.364,0.603
Jordan Luplow,PIT,OF,20,44,10,8,0,1,2,3,1,0,5,7,0,0,0,0.182,0.265,0.364,0.629
Ichiro Suzuki,SEA,OF,15,44,5,9,0,0,0,0,0,0,3,7,0,0,0,0.205,0.255,0.205,0.46
Tzu-Wei Lin,BOS,2B,20,44,3,8,2,0,0,1,0,1,5,13,0,0,0,0.182,0.265,0.227,0.492
Mason Williams,CIN,OF,13,44,4,13,2,0,1,4,1,0,1,8,2,0,0,0.295,0.311,0.409,0.72
Austin Wynns,BAL,C,17,43,9,12,1,0,3,7,0,0,2,12,1,0,0,0.279,0.311,0.512,0.823
Gio Urshela,TOR,3B,19,43,7,10,1,0,1,3,0,0,2,10,0,0,1,0.233,0.283,0.326,0.609
Carlos Perez,TEX,C,16,42,1,7,2,0,1,3,1,0,1,10,2,0,1,0.167,0.205,0.286,0.491
Eduardo Escobar,ARI,3B,11,42,6,13,5,0,0,7,0,0,3,6,0,3,0,0.31,0.333,0.429,0.762
Devin Mesoraco,CIN,C,18,41,1,9,2,0,1,3,0,0,2,10,0,0,2,0.22,0.289,0.341,0.63
Pete Kozma,DET,SS,15,40,4,7,2,0,1,6,0,1,1,7,0,0,0,0.175,0.195,0.3,0.495
Michael Hermosillo,LAA,OF,17,39,3,6,2,0,0,0,0,1,1,11,0,0,2,0.154,0.214,0.205,0.419
Jake Smolinski,OAK,OF,20,39,2,5,1,1,0,2,1,0,1,10,0,0,1,0.128,0.171,0.205,0.376
Juan Centeno,TEX,C,10,37,3,6,1,0,1,3,0,0,1,7,0,0,0,0.162,0.184,0.27,0.454
Austin Jackson,NYM,OF,12,36,4,17,3,0,2,9,1,0,3,10,0,0,0,0.472,0.513,0.722,1.235
Jose Miguel Fernandez,LAA,1B,11,36,1,9,2,0,0,3,0,0,0,3,0,0,0,0.25,0.25,0.306,0.556
Renato Nunez,TEX,OF,13,36,2,6,1,0,1,2,0,0,3,12,0,1,1,0.167,0.244,0.278,0.522
Jose Bautista,ATL,3B,12,35,3,5,1,0,2,5,0,0,5,12,0,0,0,0.143,0.25,0.343,0.593
Gordon Beckham,SEA,2B,13,35,1,7,1,0,0,1,1,0,3,7,2,0,0,0.2,0.263,0.229,0.492
Clint Frazier,NYY,OF,15,34,9,9,3,0,0,1,0,0,5,13,0,0,2,0.265,0.39,0.353,0.743
Jonathan Schoop,MIL,2B,9,34,4,5,1,0,0,2,0,0,0,16,0,0,0,0.147,0.147,0.176,0.323
Brett Phillips,KC,OF,10,34,6,9,2,1,1,4,0,0,2,15,0,0,1,0.265,0.324,0.471,0.795
Tim Federowicz,HOU,C,10,34,4,7,3,0,0,2,0,0,1,13,0,0,0,0.206,0.229,0.294,0.523
Kaleb Cowart,LAA,3B,14,33,4,5,3,0,0,2,1,0,5,9,0,0,1,0.152,0.282,0.242,0.524
Garrett Cooper,MIA,1B,14,33,2,7,1,0,0,2,0,0,4,12,0,0,1,0.212,0.316,0.242,0.558
Cameron Maybin,SEA,OF,9,33,5,9,0,0,0,2,1,0,3,5,0,0,0,0.273,0.333,0.273,0.606
Jonathan Villar,BAL,2B,8,32,4,10,2,0,1,4,1,0,3,7,1,0,0,0.313,0.371,0.469,0.84
Mike Tauchman,COL,OF,21,32,5,3,1,0,0,0,1,0,4,15,1,0,0,0.094,0.194,0.125,0.319
Michael Perez,TB,C,10,31,4,10,2,0,1,4,0,0,2,5,0,1,0,0.323,0.353,0.484,0.837
Chad Wallach,MIA,C,9,31,1,4,1,0,0,2,0,0,2,17,1,0,0,0.129,0.182,0.161,0.343
Ji-Man Choi,MIL,1B,12,30,4,7,2,0,2,5,0,0,2,14,0,0,0,0.233,0.281,0.5,0.781
Cliff Pennington,CIN,2B,16,29,1,4,0,0,0,0,0,0,5,13,0,0,0,0.138,0.265,0.138,0.403
Tomas Telis,MIA,1B,23,29,2,6,1,0,0,1,0,0,2,8,0,0,0,0.207,0.258,0.241,0.499
Logan Forsythe,MIN,2B,9,29,4,12,2,0,0,3,1,0,2,6,0,0,1,0.414,0.469,0.483,0.952
Brian Dozier,LAD,2B,9,29,5,8,3,0,3,9,0,0,7,6,0,0,0,0.276,0.417,0.69,1.107
Breyvic Valera,LAD,2B,20,29,4,5,0,0,0,4,0,0,4,4,1,0,0,0.172,0.273,0.172,0.445
Eric Young Jr.,LAA,OF,10,28,2,6,2,0,1,4,1,1,1,10,0,1,1,0.214,0.258,0.393,0.651
Danny Santana,ATL,OF,15,28,4,5,3,0,0,2,1,1,3,11,0,0,1,0.179,0.281,0.286,0.567
Ramon Torres,KC,2B,9,28,4,5,1,0,0,1,0,0,1,3,0,0,0,0.179,0.207,0.214,0.421
Chris Gimenez,CHC,C,12,28,1,4,0,0,0,1,1,0,3,7,0,1,0,0.143,0.219,0.143,0.362
Mike Marjama,SEA,C,10,27,1,3,3,0,0,0,0,1,2,6,0,0,0,0.111,0.172,0.222,0.394
Shane Robinson,NYY,OF,12,27,3,4,0,0,1,2,1,0,3,1,1,0,0,0.148,0.233,0.259,0.492
Gregorio Petit,MIN,2B,12,26,4,8,0,0,0,2,1,1,4,6,0,0,0,0.308,0.4,0.308,0.708
Tony Cruz,CIN,C,9,26,2,4,1,0,1,2,0,0,0,11,0,0,0,0.154,0.154,0.308,0.462
Francisco Arcia,LAA,C,10,26,4,8,2,0,2,12,1,0,1,10,0,0,0,0.308,0.333,0.615,0.948
Andrew Susac,BAL,C,9,26,1,3,1,0,0,0,0,0,0,12,0,0,0,0.115,0.115,0.154,0.269
Brandon Drury,TOR,2B,8,26,3,4,2,0,0,3,0,0,2,8,0,0,1,0.154,0.241,0.231,0.472
Carson Kelly,STL,C,12,25,0,2,0,0,0,2,0,0,1,6,2,0,1,0.08,0.148,0.08,0.228
Boog Powell,OAK,OF,7,24,3,4,1,1,0,0,1,1,1,6,0,0,0,0.167,0.2,0.292,0.492
Phil Gosselin,CIN,2B,20,24,5,3,0,0,1,2,0,0,4,8,0,0,0,0.125,0.25,0.25,0.5
Christian Walker,ARI,1B,20,24,3,5,1,0,1,2,1,0,3,13,0,0,0,0.208,0.296,0.375,0.671
Dilson Herrera,CIN,2B,19,24,4,4,0,0,2,5,0,0,3,13,0,0,1,0.167,0.286,0.417,0.703
Cameron Gallagher,KC,C,8,24,2,5,2,0,0,2,0,0,1,4,0,0,0,0.208,0.24,0.292,0.532
Andrew Toles,LAD,OF,7,23,4,6,2,0,0,4,0,0,1,4,0,0,0,0.261,0.292,0.348,0.64
Mike Gerber,DET,OF,10,23,1,4,1,0,0,2,0,0,4,9,0,1,0,0.174,0.286,0.217,0.503
Jabari Blash,LAA,OF,14,23,1,2,0,0,0,1,0,1,3,14,0,1,0,0.087,0.185,0.087,0.272
Adrian Sanchez,WAS,3B,15,23,2,4,1,0,0,1,0,0,0,4,0,0,0,0.174,0.174,0.217,0.391
Brett Phillips,MIL,OF,15,22,2,4,0,1,0,4,0,0,2,11,0,0,0,0.182,0.25,0.273,0.523
Roman Quinn,PHI,OF,11,22,1,7,3,0,0,2,2,2,1,3,0,0,0,0.318,0.348,0.455,0.803
Carlos Perez,ATL,C,8,21,0,3,0,0,0,0,0,0,1,6,0,0,0,0.143,0.182,0.143,0.325
Phillip Evans,NYM,3B,15,21,1,3,0,0,0,1,1,0,2,8,0,0,0,0.143,0.217,0.143,0.36
Nate Orf,MIL,2B,15,21,4,2,0,0,1,1,1,0,3,8,0,0,1,0.095,0.24,0.238,0.478
Martin Maldonado,HOU,C,8,21,5,3,2,0,0,4,0,0,1,5,1,1,1,0.143,0.208,0.238,0.446
Richard Urena,TOR,SS,12,21,2,6,0,0,1,3,0,0,0,8,1,0,0,0.286,0.286,0.429,0.715
Garrett Hampson,COL,2B,7,20,1,6,1,1,0,2,1,0,4,5,0,0,0,0.3,0.417,0.45,0.867
Jacob Nottingham,MIL,C,7,20,2,4,1,0,0,0,0,0,4,8,0,0,0,0.2,0.333,0.25,0.583
Dylan Cozens,PHI,OF,14,20,1,2,0,0,1,2,0,0,3,14,0,0,0,0.1,0.217,0.25,0.467
Taylor Motter,MIN,SS,9,19,0,1,0,0,0,1,1,0,2,3,0,0,0,0.053,0.143,0.053,0.196
Willians Astudillo,MIN,C,8,19,1,5,0,1,0,3,0,0,0,1,0,0,0,0.263,0.263,0.368,0.631
Ryan O'Hearn,KC,1B,6,19,2,2,0,0,1,3,0,0,4,6,0,0,0,0.105,0.261,0.263,0.524
Raimel Tapia,COL,OF,14,18,4,4,2,0,1,5,0,0,2,5,0,0,0,0.222,0.3,0.5,0.8
Luis Sardinas,BAL,SS,8,18,2,2,0,0,1,1,0,0,2,5,0,0,0,0.111,0.2,0.278,0.478
Matt den Dekker,NYM,OF,8,18,0,0,0,0,0,1,0,0,2,9,0,1,0,0,0.095,0,0.095
Gift Ngoepe,TOR,2B,13,18,2,1,0,0,0,0,0,0,1,12,0,0,0,0.056,0.105,0.056,0.161
Braxton Lee,MIA,OF,8,17,0,3,0,0,0,2,0,0,1,8,0,0,0,0.176,0.222,0.176,0.398
Steve Wilkerson,BAL,2B,7,17,2,4,1,0,0,2,1,0,1,3,0,0,0,0.235,0.278,0.294,0.572
Socrates Brito,ARI,OF,8,17,1,2,0,0,0,1,0,0,0,3,0,0,0,0.118,0.118,0.118,0.236
Lane Adams,ATL,OF,15,17,5,4,0,0,1,4,0,0,4,4,0,0,0,0.235,0.381,0.412,0.793
Brian Goodwin,KC,OF,5,17,2,8,1,0,1,4,0,1,0,4,0,0,0,0.471,0.471,0.706,1.177
Sam Travis,BOS,1B,5,16,1,3,1,0,0,3,0,0,2,4,0,0,0,0.188,0.278,0.25,0.528
Ryan LaMarre,CWS,OF,5,15,0,5,1,0,0,1,0,0,0,5,0,0,0,0.333,0.333,0.4,0.733
Leonys Martin,CLE,OF,6,15,3,5,0,0,2,4,0,1,1,2,0,1,0,0.333,0.353,0.733,1.086
Preston Tucker,CIN,OF,5,15,2,3,1,0,0,1,0,0,0,2,0,0,1,0.2,0.25,0.267,0.517
Taylor Motter,SEA,SS,8,15,2,4,0,0,1,1,0,0,2,5,0,0,0,0.267,0.353,0.467,0.82
Travis d'Arnaud,NYM,C,4,15,1,3,0,0,1,3,0,0,1,5,0,0,0,0.2,0.25,0.4,0.65
Ramon Laureano,OAK,OF,4,15,1,5,0,0,0,3,1,0,0,3,0,0,0,0.333,0.333,0.333,0.666
Miguel Gomez,SF,3B,9,15,3,4,0,0,0,1,0,0,0,5,0,0,0,0.267,0.267,0.267,0.534
Brandon Lowe,TB,2B,4,14,0,0,0,0,0,0,0,0,2,6,0,0,0,0,0.125,0,0.125
Mitch Walding,PHI,3B,10,14,0,0,0,0,0,0,0,0,2,10,0,0,0,0,0.125,0,0.125
Yandy Diaz,CLE,3B,4,14,3,7,0,1,0,2,0,0,0,1,0,0,0,0.5,0.5,0.643,1.143
Chris Stewart,ATL,C,5,14,3,3,0,0,0,3,0,0,1,1,0,1,0,0.214,0.25,0.214,0.464
Anthony Alford,TOR,OF,7,14,2,2,0,0,0,1,1,0,2,6,0,0,0,0.143,0.25,0.143,0.393
Matt Reynolds,WAS,3B,12,13,1,2,0,0,0,1,0,0,1,4,0,0,0,0.154,0.214,0.154,0.368
Adam Duvall,ATL,OF,7,13,2,2,0,0,0,0,0,0,1,3,0,0,0,0.154,0.214,0.154,0.368
Rosell Herrera,CIN,OF,11,13,0,2,0,0,0,0,0,1,0,5,0,0,0,0.154,0.154,0.154,0.308
Jacob Stallings,PIT,C,6,13,1,2,0,0,0,0,0,0,1,4,0,0,0,0.154,0.214,0.154,0.368
Trevor Plouffe,PHI,3B,7,12,1,3,0,0,1,3,0,0,0,6,0,0,0,0.25,0.25,0.5,0.75
Luke Voit,NYY,1B,4,12,0,2,0,0,0,2,0,0,1,3,0,0,0,0.167,0.231,0.167,0.398
Luke Voit,STL,1B,8,11,2,2,0,0,1,3,0,0,2,4,0,0,0,0.182,0.308,0.455,0.763
Ty Kelly,NYM,2B,9,11,1,1,0,0,0,0,0,0,1,2,0,0,0,0.091,0.167,0.091,0.258
Tim Locastro,LAD,2B,8,11,1,2,1,0,0,0,1,0,2,5,0,0,1,0.182,0.357,0.273,0.63
Hanser Alberto,TEX,3B,5,11,0,1,0,0,0,0,0,1,1,2,0,0,0,0.091,0.167,0.091,0.258
Nolan Fontana,LAA,2B,8,11,1,1,0,0,1,1,0,0,1,6,0,0,0,0.091,0.167,0.364,0.531
Miguel Montero,WAS,C,4,11,0,0,0,0,0,0,0,0,2,3,0,0,0,0,0.154,0,0.154
Matt Skole,CWS,1B,4,11,2,3,0,0,1,1,0,0,2,3,0,0,0,0.273,0.385,0.545,0.93
Dustin Pedroia,BOS,2B,3,11,1,1,0,0,0,0,0,0,2,1,0,0,0,0.091,0.231,0.091,0.322
Ian Kinsler,BOS,2B,3,10,3,4,1,0,0,2,2,0,1,2,0,0,0,0.4,0.455,0.5,0.955
Jace Peterson,NYY,OF,3,10,0,3,0,0,0,0,0,1,1,3,0,0,0,0.3,0.364,0.3,0.664
Dalton Pompey,TOR,OF,5,10,0,2,0,0,0,0,0,0,1,6,0,0,0,0.2,0.273,0.2,0.473
Corban Joseph,BAL,3B,4,9,0,1,0,0,0,1,0,0,1,2,0,0,0,0.111,0.2,0.111,0.311
Alfredo Gonzalez,CWS,C,3,9,0,1,0,0,0,1,0,0,0,4,0,0,0,0.111,0.111,0.111,0.222
Jose Trevino,TEX,C,3,8,0,2,0,0,0,3,0,0,0,1,0,0,0,0.25,0.25,0.25,0.5
Tyler Saladino,CWS,SS,6,8,2,2,1,0,0,0,0,0,0,3,1,0,0,0.25,0.25,0.375,0.625
Isaac Galloway,MIA,OF,6,7,2,2,0,0,0,0,0,0,0,2,0,0,0,0.286,0.286,0.286,0.572
Trayce Thompson,OAK,OF,3,7,1,1,0,0,0,0,0,0,0,4,0,0,0,0.143,0.143,0.143,0.286
Engelb Vielma,BAL,SS,6,7,1,1,0,0,0,0,0,0,1,4,0,0,0,0.143,0.25,0.143,0.393
Efren Navarro,CHC,1B,4,6,0,1,0,0,0,0,0,0,0,4,0,0,0,0.167,0.167,0.167,0.334
Adolis Garcia,STL,OF,2,6,0,1,0,0,0,0,0,0,0,3,0,0,0,0.167,0.167,0.167,0.334
Brandon Snyder,TB,3B,2,6,0,1,1,0,0,0,0,0,0,2,0,0,0,0.167,0.167,0.333,0.5
Adam Moore,TB,C,2,6,1,1,0,0,0,0,0,0,0,2,0,0,0,0.167,0.167,0.167,0.334
Rafael Bautista,WAS,OF,9,6,1,0,0,0,0,0,0,0,0,1,0,0,0,0,0,0,0
Tommy Pham,TB,OF,2,5,2,0,0,0,0,0,0,0,1,1,0,0,2,0,0.375,0,0.375
Steve Baron,STL,C,2,5,0,1,0,0,0,0,0,0,0,2,0,0,0,0.2,0.2,0.2,0.4
Adeiny Hechavarria,PIT,SS,2,5,1,3,1,0,1,1,0,0,1,1,0,0,0,0.6,0.667,1.4,2.067
John Andreoli,SEA,OF,3,5,0,1,0,0,0,0,0,0,1,2,0,0,0,0.2,0.333,0.2,0.533
Johnny Field,MIN,OF,3,5,0,1,0,0,0,0,0,0,0,2,0,0,0,0.2,0.2,0.2,0.4
Mark Zagunis,CHC,OF,5,5,0,2,1,0,0,1,0,0,1,1,0,0,0,0.4,0.5,0.6,1.1
Ryan Schimpf,LAA,3B,5,5,2,1,0,0,1,2,0,0,2,3,0,0,0,0.2,0.429,0.8,1.229
Michael Reed,ATL,OF,5,5,1,1,0,0,0,0,0,0,0,2,0,0,0,0.2,0.2,0.2,0.4
Cedric Mullins,BAL,OF,1,4,3,3,2,0,0,2,0,0,1,0,0,0,0,0.75,0.8,1.25,2.05
Breyvic Valera,BAL,2B,1,4,0,1,0,0,0,1,0,0,0,1,0,0,0,0.25,0.25,0.25,0.5
Dan Butler,BOS,C,1,4,0,1,0,0,0,0,0,0,0,1,0,0,0,0.25,0.25,0.25,0.5
Rafael Ortega,MIA,OF,1,4,1,1,0,0,0,0,0,0,0,0,0,0,0,0.25,0.25,0.25,0.5
Kevin Kaczmarski,NYM,OF,4,4,0,0,0,0,0,0,0,1,1,1,0,0,0,0,0.2,0,0.2
Zach Vincej,SEA,SS,1,4,0,2,0,0,0,1,0,0,0,1,0,0,0,0.5,0.5,0.5,1
Ryder Jones,SF,1B,1,4,1,1,0,0,1,1,0,0,0,3,0,0,0,0.25,0.25,1,1.25
Billy McKinney,NYY,OF,2,4,0,1,0,0,0,0,0,0,0,1,0,0,0,0.25,0.25,0.25,0.5
Kris Negron,ARI,SS,2,3,0,1,0,0,0,1,0,0,0,0,0,0,0,0.333,0.333,0.333,0.666
A.J. Reed,HOU,1B,1,3,0,0,0,0,0,0,0,0,0,1,0,0,0,0,0,0,0
Dustin Peterson,ATL,OF,2,2,0,0,0,0,0,0,0,0,0,1,0,0,0,0,0,0,0
Dustin Garneau,CWS,C,1,2,0,1,0,0,0,1,0,0,1,0,0,0,0,0.5,0.667,0.5,1.167
Javy Guerra,SD,SS,2,2,0,0,0,0,0,0,0,0,0,2,0,0,0,0,0,0,0
Francisco Mejia,CLE,C,1,2,0,0,0,0,0,0,0,0,2,0,0,0,0,0,0.5,0,0.5
Chris Bostick,PIT,2B,2,2,0,0,0,0,0,0,0,0,0,1,0,0,0,0,0,0,0
Nick Franklin,MIL,2B,1,2,0,0,0,0,0,0,0,0,0,0,0,0,0,0,0,0,0
Darnell Sweeney,TOR,OF,2,2,0,0,0,0,0,0,0,0,2,0,0,0,0,0,0.5,0,0.5
