First Name,Last Name,Team,Pos,G,AB,R,H,2B,3B,HR,RBI,SB,CS,BB,SO,SH,SF,HBP,AVG,SLG,OBP,OPS
Ozzie,Albies,ATL,2B,84,367,66,102,27,2,18,49,8,3,19,65,1,2,4,0.278,0.51,0.319,0.829
Marcus,Semien,OAK,SS,84,349,48,87,16,1,7,31,7,4,29,73,0,5,0,0.249,0.361,0.303,0.664
Francisco,Lindor,CLE,SS,84,347,75,103,27,0,23,55,11,3,39,69,3,2,5,0.297,0.573,0.374,0.947
Jose,Altuve,HOU,2B,88,346,56,115,22,2,7,41,12,2,35,48,3,1,2,0.332,0.468,0.396,0.864
Nick,Castellanos,DET,3B,85,343,47,106,26,3,14,54,1,0,22,80,0,0,4,0.309,0.525,0.358,0.883
Starlin,Castro,MIA,2B,87,343,52,100,19,1,5,31,4,1,28,71,0,5,0,0.292,0.397,0.34,0.737
Trea,Turner,WAS,SS,85,342,48,94,14,2,9,29,22,4,39,71,0,0,3,0.275,0.406,0.354,0.76
Ender,Inciarte,ATL,OF,83,341,49,86,12,2,6,33,23,7,29,48,1,1,3,0.252,0.352,0.316,0.668
Brian,Anderson,MIA,3B,88,338,48,95,21,2,5,41,2,1,34,71,0,1,7,0.281,0.399,0.358,0.757
George,Springer,HOU,OF,85,335,60,84,17,0,15,42,5,3,38,73,0,2,5,0.251,0.436,0.334,0.77
Nick,Markakis,ATL,OF,85,335,52,108,27,0,10,58,1,1,39,38,0,5,1,0.322,0.493,0.389,0.882
Adam,Jones,BAL,OF,81,335,35,96,20,0,10,33,0,0,10,58,0,2,3,0.287,0.436,0.311,0.747
Kyle,Seager,SEA,3B,86,335,40,80,22,0,16,53,1,1,20,79,0,1,4,0.239,0.448,0.289,0.737
Jean,Segura,SEA,SS,80,333,60,110,24,2,6,45,14,7,17,49,3,5,1,0.33,0.468,0.36,0.828
Jed,Lowrie,OAK,2B,85,333,38,97,25,1,14,59,0,0,34,73,0,2,1,0.291,0.498,0.357,0.855
Trevor,Story,COL,SS,87,333,44,93,23,5,16,60,10,4,30,94,0,3,4,0.279,0.523,0.343,0.866
Jose,Peraza,CIN,SS,84,331,49,91,14,3,5,29,14,2,20,38,5,2,4,0.275,0.381,0.322,0.703
Alex,Bregman,HOU,3B,85,330,53,92,27,1,16,54,8,4,50,48,0,1,4,0.279,0.512,0.379,0.891
Freddie,Freeman,ATL,1B,85,328,54,101,21,2,16,56,6,2,48,70,0,2,3,0.308,0.53,0.399,0.929
Jose,Abreu,CWS,1B,84,328,41,87,27,1,12,50,1,0,23,66,0,4,7,0.265,0.463,0.323,0.786
Eddie,Rosario,MIN,OF,82,328,57,101,23,2,18,52,6,2,21,60,1,0,0,0.308,0.555,0.35,0.905
Yangervis,Solarte,TOR,SS,83,328,41,82,18,0,16,48,1,1,26,51,0,2,2,0.25,0.451,0.307,0.758
Charlie,Blackmon,COL,OF,82,327,63,90,9,4,15,38,5,3,34,68,0,1,4,0.275,0.465,0.35,0.815
Rafael,Devers,BOS,3B,85,326,41,80,20,0,14,47,5,1,21,88,0,2,0,0.245,0.436,0.289,0.725
Giancarlo,Stanton,NYY,OF,83,326,51,87,16,1,21,51,2,0,31,115,0,4,6,0.267,0.515,0.338,0.853
Manny,Machado,BAL,3B,84,325,42,100,17,1,21,59,7,1,38,50,0,3,0,0.308,0.56,0.377,0.937
Andrew,Benintendi,BOS,OF,84,323,58,90,20,5,13,53,16,1,44,64,0,5,1,0.279,0.492,0.362,0.854
Brian,Dozier,MIN,2B,82,322,51,71,16,2,12,34,5,3,38,68,0,1,3,0.22,0.394,0.308,0.702
Odubel,Herrera,PHI,OF,82,322,42,89,14,2,14,47,4,2,22,71,1,1,4,0.276,0.463,0.33,0.793
Eric,Hosmer,SD,1B,83,322,37,86,21,1,9,37,4,3,37,76,0,0,0,0.267,0.422,0.343,0.765
Dee,Gordon,SEA,2B,77,322,38,90,13,2,1,20,22,5,6,49,7,3,5,0.28,0.342,0.301,0.643
Shin-Soo,Choo,TEX,OF,83,322,51,93,18,0,16,41,3,0,56,84,1,1,4,0.289,0.494,0.399,0.893
Nomar,Mazara,TEX,OF,82,321,45,88,15,1,15,55,1,0,26,77,0,2,3,0.274,0.467,0.332,0.799
Albert,Pujols,LAA,DH,79,321,32,80,14,0,12,46,0,0,16,47,0,1,2,0.249,0.405,0.288,0.693
Jose,Ramirez,CLE,3B,84,320,58,94,24,1,24,56,17,2,53,43,0,1,3,0.294,0.6,0.398,0.998
Mitch,Haniger,SEA,OF,86,320,44,86,16,2,17,62,4,2,40,84,0,4,3,0.269,0.491,0.351,0.842
Cesar,Hernandez,PHI,2B,84,320,58,84,12,1,8,28,13,2,57,80,0,1,1,0.263,0.381,0.375,0.756
Jose,Pirela,SD,OF,87,319,43,83,18,2,2,25,4,3,22,64,0,2,2,0.26,0.348,0.31,0.658
Kevin,Pillar,TOR,OF,85,319,38,78,25,2,7,29,10,1,14,62,0,4,2,0.245,0.401,0.277,0.678
Whit,Merrifield,KC,2B,82,319,34,92,24,0,5,27,16,5,31,59,1,4,6,0.288,0.411,0.358,0.769
Yolmer,Sanchez,CWS,2B,82,319,31,82,16,9,5,39,9,2,17,63,0,3,5,0.257,0.411,0.302,0.713
J.D.,Martinez,BOS,OF,83,318,60,104,20,1,26,71,2,1,34,83,0,3,2,0.327,0.642,0.392,1.034
Mike,Moustakas,KC,3B,82,318,38,82,18,1,16,53,3,0,25,52,0,4,2,0.258,0.472,0.312,0.784
Scooter,Gennett,CIN,2B,83,317,51,105,20,0,14,57,2,0,21,66,3,3,1,0.331,0.527,0.371,0.898
Paul,Goldschmidt,ARI,1B,85,317,58,87,17,4,19,48,2,2,52,100,0,0,5,0.274,0.533,0.385,0.918
Andrew,McCutchen,SF,OF,84,317,47,82,22,2,9,37,6,3,39,85,0,4,4,0.259,0.426,0.343,0.769
Asdrubal,Cabrera,NYM,SS,81,317,39,90,18,1,15,48,0,0,23,65,0,2,1,0.284,0.489,0.332,0.821
Marcell,Ozuna,STL,OF,81,315,33,87,8,1,10,44,2,0,20,68,0,2,1,0.276,0.403,0.32,0.723
Freddy,Galvis,SD,SS,88,314,29,74,15,3,4,29,3,4,27,77,1,4,1,0.236,0.341,0.295,0.636
Justin,Upton,LAA,OF,84,314,47,79,10,0,17,45,4,0,40,99,0,5,4,0.252,0.446,0.339,0.785
Yoan,Moncada,CWS,2B,78,314,39,72,18,4,11,40,9,2,29,122,1,1,1,0.229,0.417,0.296,0.713
David,Peralta,ARI,OF,80,313,38,89,16,4,15,46,2,0,28,74,0,1,3,0.284,0.505,0.348,0.853
Matt,Olson,OAK,1B,87,313,46,74,14,0,18,44,2,1,34,90,0,1,7,0.236,0.454,0.324,0.778
Nolan,Arenado,COL,3B,81,308,57,96,19,2,22,63,2,1,45,67,0,3,0,0.312,0.601,0.396,0.997
Chris,Taylor,LAD,2B,84,307,51,81,19,8,10,37,3,5,33,90,0,2,7,0.264,0.476,0.347,0.823
Joey,Votto,CIN,1B,86,306,46,90,17,2,8,43,1,0,66,58,0,1,5,0.294,0.441,0.426,0.867
Aaron,Judge,NYY,OF,82,306,61,86,18,0,24,57,6,2,60,114,0,3,2,0.281,0.575,0.399,0.974
Didi,Gregorius,NYY,SS,79,305,50,78,15,2,15,45,9,5,30,46,0,7,2,0.256,0.466,0.32,0.786
Cody,Bellinger,LAD,1B,85,305,54,73,16,4,17,43,5,0,39,86,0,2,1,0.239,0.485,0.326,0.811
Tim,Anderson,CWS,SS,84,305,48,77,10,2,13,34,19,5,23,82,1,0,3,0.252,0.426,0.311,0.737
Trey,Mancini,BAL,OF,81,304,37,69,12,0,11,24,0,1,29,85,0,2,2,0.227,0.375,0.297,0.672
Eduardo,Escobar,MIN,3B,80,303,39,84,34,2,13,50,1,3,26,77,0,3,2,0.277,0.531,0.335,0.866
Jason,Kipnis,CLE,2B,79,302,35,65,17,0,7,34,2,1,32,67,1,1,3,0.215,0.341,0.296,0.637
Michael,Brantley,CLE,OF,74,301,45,92,20,1,11,48,5,3,22,29,0,4,2,0.306,0.488,0.353,0.841
Alcides,Escobar,KC,SS,86,301,32,58,10,2,3,18,3,1,17,45,2,3,4,0.193,0.269,0.243,0.512
Javier,Baez,CHC,SS,82,301,54,86,21,6,16,61,15,1,12,81,0,3,5,0.286,0.555,0.321,0.876
C.J.,Cron,TB,1B,79,301,40,72,13,0,16,39,1,1,20,93,0,3,14,0.239,0.442,0.314,0.756
Mike,Trout,LAA,OF,87,300,67,93,17,3,24,49,13,1,77,73,0,2,5,0.31,0.627,0.456,1.083
Ian,Desmond,COL,OF,85,297,45,64,10,2,17,48,7,3,29,89,0,2,4,0.215,0.434,0.292,0.726
Derek,Dietrich,MIA,3B,83,296,42,85,16,1,11,30,1,0,15,79,0,1,12,0.287,0.459,0.346,0.805
Ketel,Marte,ARI,SS,82,296,38,71,14,8,6,31,2,0,21,40,0,1,1,0.24,0.402,0.292,0.694
Brandon,Crawford,SF,SS,83,294,38,91,21,2,10,39,3,5,27,66,0,4,5,0.31,0.497,0.373,0.87
Jose,Martinez,STL,1B,79,293,35,86,17,0,13,52,0,3,30,49,0,3,2,0.294,0.485,0.36,0.845
Bryce,Harper,WAS,OF,84,293,49,63,14,0,21,50,6,2,68,89,0,6,3,0.215,0.478,0.362,0.84
Khris,Davis,OAK,OF,77,293,45,70,16,0,20,57,0,0,29,84,0,3,8,0.239,0.498,0.321,0.819
Jose,Iglesias,DET,SS,84,293,28,80,20,3,2,31,12,4,12,33,2,2,5,0.273,0.382,0.311,0.693
Josh,Bell,PIT,1B,86,291,41,74,17,3,5,41,0,2,38,60,0,5,0,0.254,0.385,0.335,0.72
Lewis,Brinson,MIA,OF,84,290,22,54,6,4,10,30,1,1,14,94,0,2,4,0.186,0.338,0.232,0.57
Edwin,Encarnacion,CLE,1B,76,289,43,65,10,0,20,58,0,0,31,79,0,2,3,0.225,0.467,0.305,0.772
Matt,Carpenter,STL,1B,80,289,49,76,26,0,15,37,0,0,49,83,0,2,1,0.263,0.509,0.37,0.879
Joey,Gallo,TEX,3B,84,288,44,55,12,1,20,46,3,2,40,121,0,0,3,0.191,0.448,0.296,0.744
Tommy,Pham,STL,OF,79,287,57,72,9,0,13,32,9,6,35,80,0,1,1,0.251,0.418,0.333,0.751
Corey,Dickerson,PIT,OF,77,287,35,87,18,3,6,33,4,3,12,40,0,2,4,0.303,0.449,0.338,0.787
Carlos,Santana,PHI,1B,84,287,49,64,16,1,14,48,1,1,65,47,0,5,1,0.223,0.432,0.363,0.795
Miguel,Rojas,MIA,SS,85,287,24,73,9,0,7,31,5,1,19,43,2,3,7,0.254,0.359,0.313,0.672
Ian,Kinsler,LAA,2B,72,287,34,61,15,0,11,22,7,3,23,30,0,2,2,0.213,0.38,0.274,0.654
Justin,Bour,MIA,1B,86,286,31,67,9,1,13,37,0,0,57,82,0,1,0,0.234,0.409,0.36,0.769
Max,Kepler,MIN,OF,81,283,32,62,18,2,8,29,3,2,35,51,0,1,0,0.219,0.382,0.304,0.686
Jurickson,Profar,TEX,OF,78,283,45,69,22,4,8,45,7,0,26,45,0,2,10,0.244,0.435,0.327,0.762
Andrelton,Simmons,LAA,SS,76,282,42,89,15,2,6,39,5,2,26,15,1,2,2,0.316,0.447,0.375,0.822
Anthony,Rizzo,CHC,1B,75,282,36,70,12,0,12,58,3,2,34,40,0,5,11,0.248,0.418,0.346,0.764
Jeimer,Candelario,DET,3B,75,281,41,66,17,3,12,33,1,2,37,81,0,1,6,0.235,0.445,0.335,0.78
Miguel,Andujar,NYY,3B,73,280,36,79,24,2,12,38,1,0,12,50,0,2,1,0.282,0.511,0.312,0.823
Travis,Shaw,MIL,3B,80,279,41,68,19,0,15,49,0,2,42,58,1,2,1,0.244,0.473,0.343,0.816
Starling,Marte,PIT,OF,74,279,44,74,14,4,9,36,18,4,21,65,0,3,1,0.265,0.441,0.316,0.757
Matt,Duffy,TB,3B,70,277,26,87,15,1,4,25,6,3,17,49,0,1,4,0.314,0.419,0.361,0.78
Yulieski,Gurriel,HOU,1B,68,277,36,82,21,0,5,39,2,1,10,31,0,3,2,0.296,0.426,0.322,0.748
Leonys,Martin,DET,OF,71,276,44,71,15,3,9,29,7,3,27,67,0,1,2,0.257,0.431,0.327,0.758
Eduardo,Nunez,BOS,3B,73,276,34,71,14,0,6,22,4,2,11,51,1,2,2,0.257,0.373,0.289,0.662
Teoscar,Hernandez,TOR,OF,68,276,39,72,19,6,13,34,3,4,18,76,0,1,3,0.261,0.514,0.312,0.826
Nick,Ahmed,ARI,SS,81,274,36,61,16,3,10,33,2,3,22,62,1,1,1,0.223,0.412,0.282,0.694
Dansby,Swanson,ATL,SS,70,272,29,67,17,3,7,32,3,1,18,74,3,0,1,0.246,0.408,0.296,0.704
Xander,Bogaerts,BOS,SS,69,272,37,75,23,0,13,47,2,1,23,54,0,2,5,0.276,0.504,0.341,0.845
Yonder,Alonso,CLE,1B,77,272,35,70,14,0,12,47,0,0,28,64,0,2,1,0.257,0.441,0.327,0.768
Scott,Kingery,PHI,2B,80,272,31,61,16,1,4,24,7,2,17,72,0,3,2,0.224,0.335,0.272,0.607
Justin,Smoak,TOR,1B,79,271,36,62,21,0,11,42,0,1,51,82,0,3,3,0.229,0.428,0.354,0.782
Willson,Contreras,CHC,C,75,271,30,77,18,5,7,34,3,1,30,61,2,2,8,0.284,0.465,0.37,0.835
Victor,Martinez,DET,DH,78,270,15,65,10,0,4,27,0,0,21,30,0,3,1,0.241,0.322,0.295,0.617
Brett,Gardner,NYY,OF,70,270,46,67,12,2,5,21,7,1,39,51,3,3,3,0.248,0.363,0.346,0.709
Stephen,Piscotty,OAK,OF,78,269,36,69,22,0,7,36,0,0,23,58,0,3,5,0.257,0.416,0.323,0.739
Marwin,Gonzalez,HOU,SS,79,269,26,61,11,3,6,34,2,1,29,77,3,2,1,0.227,0.357,0.302,0.659
Carlos,Correa,HOU,SS,73,269,46,72,16,1,13,49,2,0,37,77,0,7,2,0.268,0.48,0.352,0.832
JaCoby,Jones,DET,OF,79,267,32,59,16,4,6,21,7,4,13,81,1,2,7,0.221,0.378,0.273,0.651
Jordy,Mercer,PIT,SS,77,267,28,67,19,2,5,26,0,0,21,61,0,3,4,0.251,0.393,0.312,0.705
Nelson,Cruz,SEA,DH,72,267,37,73,10,1,22,53,1,0,25,57,0,1,10,0.273,0.566,0.356,0.922
Christian,Yelich,MIL,OF,70,267,52,77,11,2,11,34,10,1,29,67,0,2,3,0.288,0.468,0.362,0.83
Ryon,Healy,SEA,3B,70,266,33,67,8,0,17,41,0,0,11,65,0,1,1,0.252,0.474,0.283,0.757
Adam,Duvall,CIN,OF,86,266,31,54,13,0,13,53,2,2,29,78,0,1,3,0.203,0.398,0.288,0.686
DJ,LeMahieu,COL,2B,63,265,46,74,18,0,8,31,4,3,21,43,1,3,0,0.279,0.438,0.329,0.767
Lorenzo,Cain,MIL,OF,72,265,48,77,15,0,8,26,16,3,43,53,0,1,3,0.291,0.438,0.394,0.832
Wilson,Ramos,TB,C,71,265,26,77,11,0,12,45,0,0,20,56,0,0,0,0.291,0.468,0.34,0.808
Rhys,Hoskins,PHI,1B,75,265,45,66,20,0,14,53,4,3,46,81,0,4,4,0.249,0.483,0.364,0.847
Michael,Taylor,WAS,OF,83,264,32,64,18,2,5,24,23,5,22,83,2,0,0,0.242,0.383,0.301,0.684
Matt,Kemp,LAD,OF,82,264,39,84,18,0,15,55,0,0,16,66,0,4,1,0.318,0.557,0.354,0.911
Kris,Bryant,CHC,3B,66,264,40,74,20,3,9,36,2,4,34,66,0,2,11,0.28,0.481,0.383,0.864
Eugenio,Suarez,CIN,3B,70,263,43,81,14,2,17,63,1,0,36,57,0,4,4,0.308,0.57,0.394,0.964
Billy,Hamilton,CIN,OF,83,263,44,56,5,4,3,19,16,3,30,81,0,1,1,0.213,0.297,0.295,0.592
Buster,Posey,SF,C,71,263,36,76,18,1,5,27,3,1,32,34,0,2,3,0.289,0.422,0.37,0.792
Gregory,Polanco,PIT,OF,77,260,41,60,20,2,12,43,3,2,41,72,0,4,3,0.231,0.462,0.338,0.8
Mookie,Betts,BOS,OF,68,260,66,88,21,1,21,42,15,2,40,37,0,3,5,0.338,0.669,0.432,1.101
Tucker,Barnhart,CIN,C,72,259,29,67,12,1,5,27,0,3,32,55,3,3,2,0.259,0.371,0.341,0.712
Brandon,Belt,SF,1B,71,259,39,77,14,1,13,39,2,0,37,62,0,2,4,0.297,0.51,0.391,0.901
Salvador,Perez,KC,C,65,257,25,55,10,0,11,33,1,1,9,55,0,2,6,0.214,0.381,0.255,0.636
Jonathan,Schoop,BAL,2B,64,257,31,52,12,1,8,21,0,1,12,57,1,1,3,0.202,0.35,0.245,0.595
Evan,Longoria,SF,3B,67,256,28,63,16,1,10,34,1,0,10,57,0,2,2,0.246,0.434,0.278,0.712
Michael,Conforto,NYM,OF,74,255,32,57,10,0,10,26,2,2,46,77,0,2,3,0.224,0.38,0.346,0.726
Addison,Russell,CHC,SS,76,255,39,72,14,1,5,27,4,0,28,58,1,2,2,0.282,0.404,0.355,0.759
Chris,Davis,BAL,1B,69,253,14,39,6,0,7,24,0,0,22,102,0,2,3,0.154,0.261,0.229,0.49
Evan,Gattis,HOU,C,77,253,34,63,13,0,17,57,1,0,20,63,0,5,3,0.249,0.502,0.306,0.808
Amed,Rosario,NYM,SS,79,253,29,61,13,2,4,21,4,4,14,59,2,1,2,0.241,0.356,0.285,0.641
Anthony,Rendon,WAS,3B,65,253,35,73,24,0,12,37,0,1,27,46,0,4,0,0.289,0.526,0.352,0.878
Wilmer,Difo,WAS,SS,82,252,33,62,8,4,3,22,5,2,20,52,2,2,1,0.246,0.345,0.302,0.647
Carlos,Gomez,TB,OF,70,251,25,49,7,2,7,17,4,3,16,74,1,0,10,0.195,0.323,0.271,0.594
Matt,Chapman,OAK,3B,71,250,40,61,12,3,10,26,0,2,32,67,0,0,5,0.244,0.436,0.341,0.777
Albert,Almora,CHC,OF,79,249,46,82,19,1,4,27,1,2,17,44,1,3,1,0.329,0.462,0.37,0.832
J.T.,Realmuto,MIA,C,62,248,40,76,20,3,11,38,1,1,16,53,0,1,5,0.306,0.544,0.359,0.903
Jackie,Bradley,BOS,OF,77,247,34,50,12,1,6,25,9,0,25,71,0,3,9,0.202,0.332,0.296,0.628
Mallex,Smith,TB,OF,79,247,25,68,12,4,1,18,15,7,22,58,6,1,3,0.275,0.368,0.341,0.709
Manuel,Margot,SD,OF,71,246,24,58,16,3,3,24,6,7,20,46,1,1,2,0.236,0.362,0.297,0.659
Gerardo,Parra,COL,OF,77,246,33,75,14,0,5,38,6,3,14,44,1,2,2,0.305,0.423,0.345,0.768
Yasiel,Puig,LAD,OF,73,244,35,64,17,0,9,31,7,3,23,50,0,1,0,0.262,0.443,0.325,0.768
Jason,Heyward,CHC,OF,68,244,40,70,15,3,5,38,0,1,21,30,2,2,1,0.287,0.434,0.343,0.777
Kyle,Schwarber,CHC,OF,75,243,40,60,9,1,17,39,3,2,49,76,1,1,1,0.247,0.502,0.374,0.876
Alex,Gordon,KC,OF,69,243,22,60,8,0,5,15,5,0,22,58,0,0,7,0.247,0.342,0.327,0.669
Logan,Morrison,MIN,1B,75,243,30,46,12,0,9,29,1,0,30,58,0,1,5,0.189,0.35,0.29,0.64
Maikel,Franco,PHI,3B,74,240,26,63,11,1,10,38,0,0,17,36,0,3,0,0.263,0.442,0.308,0.75
Aaron,Hicks,NYY,OF,67,239,42,62,12,2,15,40,7,1,35,53,1,4,2,0.259,0.515,0.354,0.869
Yasmani,Grandal,LAD,C,72,239,39,59,13,1,12,44,1,1,33,60,0,2,3,0.247,0.46,0.343,0.803
Scott,Schebler,CIN,OF,68,239,40,66,15,0,11,33,2,0,22,53,0,2,7,0.276,0.477,0.352,0.829
Jesse,Winker,CIN,OF,77,238,30,66,12,0,6,35,0,0,43,40,1,1,2,0.277,0.403,0.391,0.794
James,McCann,DET,C,65,238,18,53,9,0,4,23,0,2,15,54,0,2,1,0.223,0.311,0.27,0.581
Jon,Jay,KC,OF,59,238,28,73,9,2,1,18,3,2,19,39,4,2,3,0.307,0.374,0.363,0.737
Christian,Villanueva,SD,3B,74,238,31,55,10,0,17,41,1,0,16,74,0,1,5,0.231,0.487,0.292,0.779
Joey,Wendle,TB,2B,72,238,23,64,7,3,2,21,7,3,14,64,0,5,4,0.269,0.349,0.314,0.663
Delino,DeShields Jr.,TEX,OF,65,237,41,55,10,1,2,18,16,2,32,58,9,1,3,0.232,0.308,0.33,0.638
Jonathan,Villar,MIL,2B,76,236,20,60,8,1,6,22,11,2,15,77,0,1,1,0.254,0.373,0.3,0.673
Colin,Moran,PIT,3B,77,233,28,61,12,0,8,33,0,2,26,43,0,4,3,0.262,0.416,0.338,0.754
Luis,Valbuena,LAA,3B,76,232,20,50,7,0,9,30,2,0,14,81,0,2,1,0.216,0.362,0.261,0.623
Adam,Engel,CWS,OF,77,232,29,52,10,2,2,18,10,3,13,64,5,1,6,0.224,0.31,0.282,0.592
Gary,Sanchez,NYY,C,63,231,36,44,14,0,14,41,0,0,31,63,0,1,2,0.19,0.433,0.291,0.724
Jesus,Aguilar,MIL,1B,75,231,41,70,13,0,19,55,0,0,24,69,0,6,2,0.303,0.606,0.365,0.971
Matt,Davidson,CWS,3B,67,230,31,54,14,0,14,37,0,0,38,98,0,2,3,0.235,0.478,0.348,0.826
Mitch,Moreland,BOS,1B,69,229,38,66,15,4,11,40,1,0,24,57,0,1,0,0.288,0.533,0.354,0.887
Jonathan,Lucroy,OAK,C,66,228,22,59,13,1,1,24,0,0,17,38,1,1,2,0.259,0.338,0.315,0.653
Martin,Maldonado,LAA,C,66,226,22,54,13,0,5,32,0,1,11,61,1,1,8,0.239,0.363,0.297,0.66
Ryan,Braun,MIL,OF,68,225,31,54,13,1,10,35,7,2,17,52,0,3,0,0.24,0.44,0.29,0.73
Carlos,Gonzalez,COL,OF,67,225,33,60,11,2,7,29,3,1,17,58,0,2,0,0.267,0.427,0.316,0.743
Gorkys,Hernandez,SF,OF,76,225,30,62,7,1,11,25,4,1,16,69,2,2,2,0.276,0.462,0.327,0.789
Zack,Cozart,LAA,SS,58,224,29,49,13,2,5,18,0,0,19,42,0,3,7,0.219,0.362,0.296,0.658
Ben,Zobrist,CHC,2B,69,223,40,66,10,1,6,32,1,2,35,32,0,2,1,0.296,0.43,0.391,0.821
Jorge,Soler,KC,OF,61,223,27,59,18,0,9,28,3,1,28,69,0,2,4,0.265,0.466,0.354,0.82
Brandon,Nimmo,NYM,OF,74,223,42,59,10,6,12,26,7,3,32,76,0,0,12,0.265,0.525,0.386,0.911
Kole,Calhoun,LAA,OF,65,222,24,40,4,1,5,19,4,1,15,51,0,2,0,0.18,0.275,0.23,0.505
Yan,Gomes,CLE,C,61,218,29,55,15,0,10,28,0,0,16,73,0,1,5,0.252,0.459,0.317,0.776
Gleyber,Torres,NYY,SS,63,218,30,64,10,1,15,42,2,1,17,61,1,2,3,0.294,0.555,0.35,0.905
Todd,Frazier,NYM,3B,58,216,29,48,7,0,10,32,5,1,26,56,0,5,2,0.222,0.394,0.305,0.699
Dexter,Fowler,STL,OF,66,216,30,37,8,0,5,20,3,2,29,54,0,2,3,0.171,0.278,0.276,0.554
Isiah,Kiner-Falefa,TEX,SS,61,216,30,54,12,2,2,23,6,4,20,42,5,1,4,0.25,0.352,0.324,0.676
Kendrys,Morales,TOR,DH,67,214,21,51,11,0,9,27,2,1,21,53,0,3,0,0.238,0.416,0.303,0.719
Dixon,Machado,DET,SS,67,214,20,44,13,1,1,21,1,1,14,41,1,1,3,0.206,0.29,0.263,0.553
John,Hicks,DET,1B,60,214,28,60,10,1,8,28,0,0,16,63,1,1,0,0.28,0.449,0.329,0.778
Daniel,Descalso,ARI,2B,78,212,28,53,13,4,9,42,0,1,36,64,0,7,2,0.25,0.476,0.354,0.83
Daniel,Robertson,TB,SS,66,212,34,56,12,0,7,22,1,1,39,61,0,1,5,0.264,0.42,0.389,0.809
Jay,Bruce,NYM,OF,62,212,17,45,12,1,3,17,2,1,24,48,0,0,0,0.212,0.321,0.292,0.613
Robbie,Grossman,MIN,OF,70,212,21,50,10,1,4,25,0,0,27,54,0,3,0,0.236,0.349,0.318,0.667
Enrique,Hernandez,LAD,SS,79,211,34,49,6,1,15,32,1,0,25,52,1,2,0,0.232,0.483,0.311,0.794
Josh,Reddick,HOU,OF,65,210,36,57,9,0,8,25,4,1,25,37,1,2,0,0.271,0.429,0.346,0.775
Ian,Happ,CHC,2B,74,210,32,53,10,1,10,23,4,1,40,93,0,0,1,0.252,0.452,0.375,0.827
Chris,Owings,ARI,SS,72,210,25,41,11,0,3,18,6,3,18,60,0,2,2,0.195,0.29,0.263,0.553
Mark,Canha,OAK,OF,65,208,32,53,13,0,11,32,0,0,21,55,0,1,3,0.255,0.476,0.33,0.806
Jorge,Alfaro,PHI,C,63,207,19,51,10,1,5,17,0,0,10,84,0,0,3,0.246,0.377,0.291,0.668
Josh,Harrison,PIT,2B,51,207,28,53,6,1,4,20,2,0,8,31,1,4,4,0.256,0.353,0.291,0.644
Niko,Goodrum,DET,2B,68,207,28,50,17,2,7,26,6,1,22,65,0,2,2,0.242,0.444,0.318,0.762
Joc,Pederson,LAD,OF,79,207,34,54,15,3,13,34,1,3,25,34,0,2,2,0.261,0.551,0.343,0.894
Jarrod,Dyson,ARI,OF,67,206,29,39,4,2,2,12,16,3,27,34,3,1,0,0.189,0.257,0.282,0.539
Robinson,Chirinos,TEX,C,63,205,26,43,12,0,11,35,1,0,23,93,0,1,11,0.21,0.429,0.321,0.75
Aledmys,Diaz,TOR,SS,61,205,26,49,9,0,7,19,1,2,9,31,0,1,2,0.239,0.385,0.276,0.661
Yadier,Molina,STL,C,57,203,24,56,7,0,13,38,2,1,12,29,0,4,3,0.276,0.502,0.32,0.822
Orlando,Arcia,MIL,SS,66,203,13,40,5,0,2,15,3,2,9,51,0,0,0,0.197,0.251,0.231,0.482
Christian,Vazquez,BOS,C,59,203,18,43,9,0,3,12,1,1,7,32,1,0,3,0.212,0.3,0.249,0.549
Curtis,Granderson,TOR,OF,69,202,31,50,13,1,9,27,1,1,32,71,1,0,2,0.248,0.455,0.356,0.811
Mike,Zunino,SEA,C,60,201,20,38,7,0,12,29,0,0,11,85,0,1,6,0.189,0.403,0.251,0.654
Joe,Mauer,MIN,1B,55,201,24,52,13,0,2,21,0,0,29,30,1,1,2,0.259,0.353,0.356,0.709
Kurt,Suzuki,ATL,C,61,201,29,57,14,0,8,29,0,0,15,25,0,4,7,0.284,0.473,0.348,0.821
Johan,Camargo,ATL,SS,63,200,28,52,11,1,9,37,0,1,31,40,0,1,2,0.26,0.46,0.363,0.823
Nick,Williams,PHI,OF,76,199,25,47,7,1,10,28,2,1,18,58,0,0,5,0.236,0.432,0.315,0.747
Kolten,Wong,STL,2B,78,199,21,38,6,1,6,17,2,3,18,40,4,2,12,0.191,0.322,0.294,0.616
Rougned,Odor,TEX,2B,57,199,28,47,10,1,4,22,5,5,18,55,2,2,5,0.236,0.357,0.313,0.67
Cameron,Maybin,MIA,OF,80,197,14,45,11,1,1,16,3,4,19,44,0,2,1,0.228,0.31,0.297,0.607
Joe,Panik,SF,2B,52,195,25,47,7,1,4,14,1,2,18,13,1,2,3,0.241,0.349,0.312,0.661
Adrian,Beltre,TEX,3B,55,194,20,60,11,1,4,26,0,0,21,44,0,6,3,0.309,0.438,0.375,0.813
Ronald,Guzman,TEX,1B,61,193,22,46,9,2,7,30,1,0,20,64,0,1,3,0.238,0.415,0.318,0.733
Matt,Joyce,OAK,OF,63,192,30,39,9,0,7,13,0,2,30,51,1,2,1,0.203,0.359,0.311,0.67
Aaron,Altherr,PHI,OF,77,191,19,33,6,1,6,32,1,2,30,73,0,2,2,0.173,0.309,0.289,0.598
Manny,Pina,MIL,C,58,191,25,43,9,1,6,16,0,0,15,39,0,1,4,0.225,0.377,0.294,0.671
Mark,Trumbo,BAL,OF,52,191,24,50,10,0,11,26,0,0,14,50,0,0,2,0.262,0.487,0.319,0.806
Domingo,Santana,MIL,OF,62,189,15,47,11,0,3,17,1,1,18,69,0,3,1,0.249,0.354,0.313,0.667
Max,Muncy,LAD,2B,64,189,39,53,8,0,20,38,2,0,45,53,0,1,1,0.28,0.64,0.419,1.059
Ehire,Adrianza,MIN,SS,64,188,24,49,14,1,4,19,4,0,14,50,3,1,1,0.261,0.41,0.314,0.724
Daniel,Palka,CWS,OF,56,187,23,44,8,3,10,28,2,1,13,64,0,0,0,0.235,0.471,0.285,0.756
Russell,Martin,TOR,C,57,185,21,33,4,0,6,16,0,2,39,54,0,0,4,0.178,0.297,0.333,0.63
Danny,Valencia,BAL,1B,59,183,23,50,7,1,8,23,1,1,19,38,0,4,0,0.273,0.454,0.335,0.789
Travis,Jankowski,SD,OF,56,181,23,51,6,2,1,7,13,3,20,36,1,0,1,0.282,0.354,0.356,0.71
Jedd,Gyorko,STL,3B,68,179,16,43,9,0,6,23,1,0,15,46,0,2,1,0.24,0.391,0.299,0.69
Guillermo,Heredia,SEA,OF,72,179,17,41,7,1,2,9,1,3,24,38,6,2,3,0.229,0.313,0.327,0.64
Chad,Pinder,OAK,SS,59,177,26,44,8,1,8,18,0,1,14,53,0,0,3,0.249,0.441,0.314,0.755
Hanley,Ramirez,BOS,DH,44,177,25,45,7,0,6,29,4,1,14,35,0,2,2,0.254,0.395,0.313,0.708
Pablo,Sandoval,SF,3B,73,176,16,45,6,0,6,28,0,0,16,43,0,1,1,0.256,0.392,0.32,0.712
Francisco,Cervelli,PIT,C,55,175,24,45,7,3,9,36,0,2,31,45,0,3,9,0.257,0.486,0.39,0.876
Wilmer,Flores,NYM,3B,64,174,19,46,13,0,7,27,0,0,16,20,0,4,1,0.264,0.46,0.323,0.783
Pedro,Severino,WAS,C,59,174,12,30,9,0,1,12,1,0,17,44,0,1,4,0.172,0.241,0.26,0.501
Adeiny,Hechavarria,TB,SS,47,172,20,45,5,0,3,20,0,0,8,27,2,5,0,0.262,0.343,0.286,0.629
Hernan,Perez,MIL,3B,68,172,15,41,8,0,4,16,6,1,6,38,0,1,0,0.238,0.355,0.263,0.618
Cory,Spangenberg,SD,3B,62,172,22,41,4,2,6,17,5,1,6,54,2,0,2,0.238,0.39,0.272,0.662
Chris,Iannetta,COL,C,56,172,21,42,9,0,7,21,0,0,25,51,1,1,4,0.244,0.419,0.351,0.77
Neil,Walker,NYY,2B,53,170,23,32,6,0,2,15,0,0,18,44,0,1,1,0.188,0.259,0.268,0.527
Harrison,Bader,STL,OF,69,170,27,45,5,1,5,12,8,2,14,53,1,0,3,0.265,0.394,0.332,0.726
Adrian,Gonzalez,NYM,1B,54,169,15,40,5,0,6,26,0,0,15,34,0,2,1,0.237,0.373,0.299,0.672
Randal,Grichuk,TOR,OF,54,166,23,34,9,0,10,27,2,0,12,47,0,2,4,0.205,0.44,0.272,0.712
Devon,Travis,TOR,2B,51,165,19,38,5,2,5,17,1,1,8,34,0,0,4,0.23,0.376,0.282,0.658
Ben,Gamel,SEA,OF,57,163,22,48,9,3,1,9,5,2,16,34,0,0,3,0.294,0.405,0.368,0.773
Lucas,Duda,KC,1B,47,163,15,40,8,0,6,24,0,0,10,45,0,1,5,0.245,0.405,0.307,0.712
Johnny,Field,TB,OF,59,162,19,35,8,0,6,14,4,0,7,55,1,0,2,0.216,0.377,0.257,0.634
Logan,Forsythe,LAD,2B,53,161,12,33,10,0,2,11,2,0,12,29,0,1,0,0.205,0.304,0.259,0.563
Jake,Lamb,ARI,3B,43,160,26,40,7,0,6,27,1,2,22,44,0,3,1,0.25,0.406,0.339,0.745
A.J.,Pollock,ARI,OF,43,156,24,44,10,3,11,33,9,2,14,39,0,2,3,0.282,0.596,0.349,0.945
Brad,Miller,TB,2B,48,156,16,40,10,1,5,21,0,0,16,51,0,2,0,0.256,0.429,0.322,0.751
Brian,McCann,HOU,C,50,155,17,32,3,0,5,17,0,0,13,34,0,1,4,0.206,0.323,0.283,0.606
Leury,Garcia,CWS,OF,50,154,13,43,4,2,2,16,9,0,5,36,1,0,3,0.279,0.37,0.315,0.685
Brock,Holt,BOS,2B,52,153,18,45,12,1,1,19,3,3,17,29,0,2,3,0.294,0.405,0.371,0.776
Matt,Adams,WAS,1B,57,153,24,42,7,0,13,36,0,0,16,37,0,0,2,0.275,0.575,0.351,0.926
Howie,Kendrick,WAS,OF,40,152,17,46,14,0,4,12,1,1,5,29,0,1,2,0.303,0.474,0.331,0.805
Mitch,Garver,MIN,C,53,152,17,39,8,0,3,11,0,0,13,42,0,0,2,0.257,0.368,0.323,0.691
Paul,DeJong,STL,SS,41,150,22,39,8,0,8,19,0,0,16,50,0,0,5,0.26,0.473,0.351,0.824
Charlie,Culberson,ATL,SS,57,150,26,41,10,2,4,21,3,1,11,39,0,0,1,0.273,0.447,0.327,0.774
Jake,Marisnick,HOU,OF,66,149,23,28,5,0,7,19,2,1,7,67,0,0,2,0.188,0.362,0.234,0.596
Hunter,Dozier,KC,OF,44,148,12,33,7,0,4,11,1,2,12,48,0,0,0,0.223,0.351,0.281,0.632
Miguel,Sano,MIN,3B,37,148,17,30,9,0,7,27,0,0,14,66,0,1,0,0.203,0.405,0.27,0.675
Hunter,Renfroe,SD,OF,48,147,23,37,14,1,5,22,1,0,15,42,0,1,2,0.252,0.463,0.327,0.79
Austin,Jackson,SF,OF,57,147,12,36,8,0,0,13,2,1,14,58,0,1,1,0.245,0.299,0.313,0.612
Robinson,Cano,SEA,2B,39,143,24,41,10,0,4,23,0,0,21,23,0,2,3,0.287,0.441,0.385,0.826
Denard,Span,TB,OF,43,143,27,34,7,1,4,28,6,2,28,24,0,1,1,0.238,0.385,0.364,0.749
Ronald,Acuna,ATL,OF,35,143,24,38,9,0,7,18,2,1,11,47,0,1,1,0.266,0.476,0.321,0.797
John Ryan,Murphy,ARI,C,54,141,19,35,7,0,9,23,0,0,9,43,1,1,1,0.248,0.489,0.296,0.785
Max,Stassi,HOU,C,49,141,21,36,11,0,7,22,0,0,14,49,0,0,4,0.255,0.482,0.34,0.822
Justin,Turner,LAD,3B,41,139,20,37,7,0,5,15,1,1,18,15,0,1,4,0.266,0.424,0.364,0.788
Franchy,Cordero,SD,OF,40,139,19,33,5,1,7,19,5,2,14,55,1,0,0,0.237,0.439,0.307,0.746
Austin,Meadows,PIT,OF,39,139,15,41,8,2,5,13,4,1,7,29,0,2,1,0.295,0.489,0.329,0.818
Yairo,Munoz,STL,SS,50,139,13,39,5,0,4,19,3,4,9,39,0,1,1,0.281,0.403,0.327,0.73
Adam,Frazier,PIT,OF,58,138,23,33,3,2,3,8,0,2,15,22,1,0,2,0.239,0.355,0.323,0.678
Yoenis,Cespedes,NYM,OF,37,137,18,35,6,0,8,28,3,0,12,50,0,2,1,0.255,0.474,0.316,0.79
Josh,Donaldson,TOR,3B,36,137,22,32,11,0,5,16,2,0,21,44,0,1,0,0.234,0.423,0.333,0.756
Chance,Sisco,BAL,C,53,137,13,28,8,0,2,16,1,0,13,56,0,0,11,0.204,0.307,0.323,0.63
Elias,Diaz,PIT,C,48,136,26,41,8,0,7,22,0,0,9,17,0,2,1,0.301,0.515,0.345,0.86
Dustin,Fowler,OAK,OF,45,136,14,34,3,1,5,17,5,3,7,28,0,2,1,0.25,0.397,0.288,0.685
David,Freese,PIT,3B,59,135,16,36,5,0,5,23,0,0,12,35,0,2,1,0.267,0.415,0.327,0.742
Rajai,Davis,CLE,OF,58,135,26,35,4,0,1,6,16,3,9,28,3,1,3,0.259,0.311,0.318,0.629
Miguel,Cabrera,DET,1B,38,134,17,40,11,0,3,22,0,0,22,27,0,1,0,0.299,0.448,0.395,0.843
Juan,Soto,WAS,OF,40,134,25,41,9,0,8,21,1,0,26,31,0,0,0,0.306,0.552,0.419,0.971
Nick,Hundley,SF,C,46,133,19,35,7,1,8,24,0,0,9,37,0,0,0,0.263,0.511,0.31,0.821
Ryan,Flaherty,ATL,3B,57,133,16,33,6,0,2,12,3,2,16,33,0,1,1,0.248,0.338,0.331,0.669
Eric,Thames,MIL,1B,42,132,21,32,4,1,12,26,5,0,19,41,0,0,2,0.242,0.561,0.346,0.907
J.B.,Shuck,MIA,OF,70,130,10,25,3,1,0,4,2,2,10,22,1,0,1,0.192,0.231,0.255,0.486
Austin,Barnes,LAD,C,64,130,22,28,4,0,1,5,2,1,19,38,0,0,5,0.215,0.269,0.338,0.607
Omar,Narvaez,CWS,C,47,130,8,33,9,0,1,10,0,2,15,28,2,0,0,0.254,0.346,0.331,0.677
Abraham,Almonte,KC,OF,47,129,15,24,1,2,3,9,2,2,14,34,1,1,0,0.186,0.295,0.264,0.559
Avisail,Garcia,CWS,OF,31,128,18,37,6,2,7,13,0,1,2,31,0,1,2,0.289,0.531,0.308,0.839
Alen,Hanson,SF,2B,44,125,21,35,12,2,5,22,4,0,7,26,0,2,0,0.28,0.528,0.313,0.841
Luke,Maile,TOR,C,42,124,18,29,7,1,3,20,1,0,17,47,0,2,1,0.234,0.379,0.326,0.705
Chase,Utley,LAD,2B,53,124,13,27,7,1,1,14,2,0,13,26,0,1,1,0.218,0.315,0.295,0.61
Craig,Gentry,BAL,OF,59,123,9,30,3,2,0,8,10,3,10,27,1,0,1,0.244,0.301,0.306,0.607
Alex,Blandino,CIN,SS,63,122,13,27,4,0,1,8,0,0,12,40,2,0,3,0.221,0.279,0.307,0.586
Tyler,Naquin,CLE,OF,46,121,14,33,5,0,2,16,0,1,5,32,0,1,2,0.273,0.364,0.31,0.674
Trayce,Thompson,CWS,OF,48,121,14,14,3,0,3,9,3,1,7,46,1,1,0,0.116,0.215,0.163,0.378
Tyler,Austin,NYY,1B,34,121,16,27,6,0,8,23,1,1,8,53,0,1,2,0.223,0.471,0.28,0.751
Gregor,Blanco,SF,OF,42,120,13,29,4,3,1,5,3,2,8,37,1,0,0,0.242,0.35,0.289,0.639
JT,Riddle,MIA,SS,37,120,13,31,5,2,5,17,0,1,5,30,3,0,0,0.258,0.458,0.288,0.746
Sandy,Leon,BOS,C,38,117,16,29,6,0,4,16,1,0,6,34,1,1,2,0.248,0.402,0.294,0.696
Sean,Rodriguez,PIT,OF,53,117,14,17,4,1,3,13,1,0,19,46,0,0,1,0.145,0.274,0.27,0.544
Welington,Castillo,CWS,C,33,116,12,31,5,0,6,15,0,0,6,33,0,0,1,0.267,0.466,0.309,0.775
Nicky,Delmonico,CWS,OF,37,116,10,26,4,1,1,7,1,1,16,24,0,0,3,0.224,0.302,0.333,0.635
Tyler,Flowers,ATL,C,37,116,15,28,5,0,4,15,0,0,17,33,0,0,6,0.241,0.388,0.367,0.755
Noel,Cuevas,COL,OF,53,116,12,29,4,1,1,5,0,0,4,19,0,0,1,0.25,0.328,0.281,0.609
Tim,Beckham,BAL,SS,31,115,10,25,5,0,1,6,1,1,9,34,0,1,0,0.217,0.287,0.272,0.559
Ryan,Goins,KC,SS,41,115,10,26,8,1,0,6,0,0,4,29,1,0,0,0.226,0.313,0.252,0.565
Ryan,Zimmerman,WAS,1B,33,115,11,25,3,2,5,16,0,0,9,24,0,0,1,0.217,0.409,0.28,0.689
Carlos,Asuaje,SD,2B,46,114,7,24,4,0,2,13,0,1,12,22,0,2,0,0.211,0.298,0.281,0.579
Jace,Peterson,BAL,OF,45,114,9,21,8,1,2,17,8,0,18,34,0,1,2,0.184,0.325,0.304,0.629
Chris,Young,LAA,OF,56,113,17,19,2,1,6,13,2,0,11,37,1,1,2,0.168,0.363,0.252,0.615
Kelby,Tomlinson,SF,2B,48,113,7,25,4,1,0,9,0,1,8,30,0,0,2,0.221,0.274,0.285,0.559
Elvis,Andrus,TEX,SS,27,112,13,30,5,1,2,9,0,1,11,12,0,1,2,0.268,0.384,0.341,0.725
Preston,Tucker,ATL,OF,56,112,13,28,9,0,3,21,0,0,7,32,0,1,1,0.25,0.411,0.298,0.709
Pedro,Alvarez,BAL,DH,45,111,18,20,2,0,8,18,0,0,16,36,0,0,0,0.18,0.414,0.283,0.697
Jose,Reyes,NYM,SS,60,110,13,19,4,0,1,4,4,1,11,16,0,0,0,0.173,0.236,0.248,0.484
Devin,Mesoraco,NYM,C,36,110,17,25,4,0,7,18,0,0,13,21,0,0,2,0.227,0.455,0.32,0.775
Andrew,Knapp,PHI,C,41,108,12,24,3,2,3,11,1,0,13,42,0,1,0,0.222,0.37,0.303,0.673
Caleb,Joseph,BAL,C,33,108,7,19,7,2,1,4,0,1,2,30,1,0,1,0.176,0.306,0.198,0.504
Tony,Wolters,COL,C,41,107,9,15,1,0,2,11,2,0,13,22,0,1,4,0.14,0.206,0.256,0.462
Bradley,Zimmer,CLE,OF,34,106,14,24,5,0,2,9,4,1,7,44,0,0,1,0.226,0.33,0.281,0.611
Greg,Allen,CLE,OF,35,106,11,22,3,2,1,4,4,0,5,33,1,1,1,0.208,0.302,0.248,0.55
Alex,Avila,ARI,C,45,105,7,13,1,0,3,7,0,0,16,54,0,0,0,0.124,0.219,0.24,0.459
Greg,Bird,NYY,1B,32,105,8,21,6,1,5,9,0,0,13,33,0,0,3,0.2,0.419,0.306,0.725
Greg,Garcia,STL,2B,64,103,12,27,5,0,2,10,0,1,13,21,1,2,0,0.262,0.369,0.339,0.708
Cheslor,Cuthbert,KC,3B,30,103,11,20,2,0,3,7,0,1,11,23,0,1,2,0.194,0.301,0.282,0.583
Tony,Kemp,HOU,OF,38,103,13,31,6,0,2,14,3,2,13,12,3,1,1,0.301,0.417,0.381,0.798
Hunter,Pence,SF,OF,39,102,6,21,4,0,0,11,2,0,8,33,0,1,0,0.206,0.245,0.261,0.506
Ryan,Rua,TEX,OF,43,102,13,19,2,1,4,7,3,1,5,33,1,1,0,0.186,0.343,0.222,0.565
Corey,Seager,LAD,SS,26,101,13,27,5,1,2,13,0,0,11,17,0,1,2,0.267,0.396,0.348,0.744
Anthony,Santander,BAL,OF,33,101,8,20,5,1,1,6,1,0,6,21,0,0,1,0.198,0.297,0.25,0.547
Tommy,La Stella,CHC,2B,70,100,12,28,4,0,0,14,0,1,9,16,0,0,0,0.28,0.32,0.339,0.659
Mark,Reynolds,WAS,1B,34,100,13,25,1,0,7,13,0,0,11,32,0,2,0,0.25,0.47,0.319,0.789
Raffy,Lopez,SD,C,34,100,11,18,2,0,3,13,1,0,12,41,0,2,0,0.18,0.29,0.263,0.553
Ryan,LaMarre,MIN,OF,43,99,7,26,5,0,0,8,1,1,8,33,0,1,1,0.263,0.313,0.321,0.634
Jon,Jay,ARI,OF,26,99,20,24,4,1,1,9,1,1,7,24,0,0,7,0.242,0.333,0.336,0.669
Brandon,Guyer,CLE,OF,49,99,8,16,5,0,3,11,1,0,9,28,0,0,5,0.162,0.303,0.265,0.568
Drew,Butera,KC,C,34,98,6,15,4,0,1,10,0,0,10,26,0,1,1,0.153,0.224,0.236,0.46
Adam,Eaton,WAS,OF,28,98,18,29,4,0,2,10,0,1,8,19,0,0,3,0.296,0.398,0.367,0.765
Kevin,Kiermaier,TB,OF,26,98,13,14,1,2,1,5,5,1,11,36,0,0,2,0.143,0.224,0.243,0.467
A.J.,Ellis,SD,C,35,97,10,31,5,0,1,11,0,0,17,19,2,1,1,0.32,0.402,0.422,0.824
Eric,Sogard,MIL,2B,55,97,7,13,3,0,0,2,3,0,12,23,1,1,2,0.134,0.165,0.241,0.406
Roberto,Perez,CLE,C,31,96,8,14,3,1,1,6,0,0,10,40,2,1,1,0.146,0.229,0.231,0.46
Charlie,Tilson,CWS,OF,35,96,7,26,1,1,0,8,2,3,8,17,2,1,1,0.271,0.302,0.33,0.632
Austin,Romine,NYY,C,33,96,13,26,7,0,4,20,0,0,10,20,0,1,0,0.271,0.469,0.336,0.805
Denard,Span,SEA,OF,29,95,13,28,6,0,3,11,0,1,6,22,0,2,0,0.295,0.453,0.33,0.783
Ryan,McMahon,COL,1B,47,95,7,20,4,1,2,9,0,0,10,35,0,1,0,0.211,0.337,0.283,0.62
Austin,Hedges,SD,C,30,94,6,17,4,0,2,11,0,0,7,38,0,0,0,0.181,0.287,0.238,0.525
Mac,Williamson,SF,OF,28,94,14,20,4,0,4,11,1,1,11,27,0,0,0,0.213,0.383,0.295,0.678
J.P.,Crawford,PHI,3B,34,93,14,18,5,1,2,8,2,0,12,33,2,0,4,0.194,0.333,0.312,0.645
Martin,Prado,MIA,3B,24,93,8,18,3,0,0,3,0,1,6,15,0,0,0,0.194,0.226,0.242,0.468
Jeff,Mathis,ARI,C,32,92,6,16,2,1,0,8,0,0,13,33,0,2,0,0.174,0.217,0.271,0.488
Franmil,Reyes,SD,OF,29,92,12,21,3,0,6,8,0,0,4,39,0,0,0,0.228,0.457,0.26,0.717
Jose,Bautista,NYM,3B,38,91,17,23,10,0,3,14,1,2,27,32,0,1,1,0.253,0.462,0.425,0.887
Francisco,Pena,STL,C,35,91,8,19,2,0,2,6,0,0,3,27,0,1,1,0.209,0.297,0.24,0.537
Jake,Bauers,TB,1B,26,91,14,22,8,2,2,9,1,1,18,26,0,0,1,0.242,0.44,0.373,0.813
Yadiel,Rivera,MIA,3B,71,91,9,17,2,0,0,6,1,1,17,34,0,1,0,0.187,0.209,0.312,0.521
David,Dahl,COL,OF,32,91,8,25,3,2,4,13,2,1,4,28,0,1,1,0.275,0.484,0.309,0.793
Byron,Buxton,MIN,OF,28,90,8,14,4,0,0,4,5,0,3,28,1,0,0,0.156,0.2,0.183,0.383
Bryan,Holaday,MIA,C,33,88,4,15,1,0,1,8,0,0,5,16,0,1,1,0.17,0.216,0.221,0.437
Kevin,Plawecki,NYM,C,28,86,13,20,9,1,1,9,0,1,15,24,0,0,3,0.233,0.395,0.365,0.76
Rob,Refsnyder,TB,2B,40,84,10,14,3,0,2,5,0,2,18,26,0,0,0,0.167,0.274,0.314,0.588
Lourdes,Gurriel,TOR,2B,24,84,8,19,1,0,4,13,1,1,2,19,0,0,0,0.226,0.381,0.244,0.625
Lonnie,Chisenhall,CLE,OF,29,84,11,27,6,1,1,9,1,0,8,12,1,0,2,0.321,0.452,0.394,0.846
Jefry,Marte,LAA,1B,39,84,11,22,4,1,3,10,0,0,6,17,0,0,0,0.262,0.44,0.311,0.751
Pat,Valaika,COL,SS,42,83,5,11,4,0,1,2,0,0,6,23,1,0,0,0.133,0.217,0.191,0.408
Wil,Myers,SD,1B,22,82,10,22,6,0,2,9,2,0,6,21,0,0,0,0.268,0.415,0.318,0.733
Jesus,Sucre,TB,C,32,81,4,19,2,0,0,7,1,0,6,10,2,1,0,0.235,0.259,0.284,0.543
Mikie,Mahtook,DET,OF,24,81,5,17,3,1,0,4,2,1,5,23,0,2,0,0.21,0.272,0.25,0.522
Joey,Rickard,BAL,OF,30,80,10,16,1,0,5,8,0,0,7,20,0,0,1,0.2,0.4,0.273,0.673
Drew,Robinson,TEX,OF,26,80,10,14,2,0,1,5,1,1,9,45,0,0,0,0.175,0.238,0.258,0.496
Blake,Swihart,BOS,C,39,79,6,13,2,0,0,3,2,1,7,25,0,0,0,0.165,0.19,0.233,0.423
Steve,Pearce,TOR,OF,26,79,16,23,6,0,4,16,0,0,7,14,0,0,0,0.291,0.519,0.349,0.868
Erik,Gonzalez,CLE,2B,45,79,8,23,7,1,1,13,1,0,4,23,0,0,1,0.291,0.443,0.333,0.776
Paulo,Orlando,KC,OF,22,79,5,14,3,0,0,5,0,0,3,23,0,0,0,0.177,0.215,0.207,0.422
Deven,Marrero,ARI,3B,49,78,11,13,1,1,0,7,3,0,6,23,0,1,0,0.167,0.205,0.224,0.429
Matt,Szczur,SD,OF,57,75,11,14,3,0,1,6,3,0,8,24,1,0,0,0.187,0.267,0.265,0.532
Bobby,Wilson,MIN,C,27,75,5,9,4,0,1,8,0,0,8,17,2,2,0,0.12,0.213,0.2,0.413
Andrew,Romine,SEA,3B,42,74,9,15,1,0,0,0,1,0,4,25,4,0,1,0.203,0.216,0.253,0.469
Willy,Adames,TB,SS,22,74,6,17,2,0,2,7,1,1,6,29,0,1,0,0.23,0.338,0.284,0.622
Derek,Fisher,HOU,OF,36,74,13,13,2,2,4,11,2,0,5,37,0,2,0,0.176,0.419,0.222,0.641
Kevan,Smith,CWS,C,18,72,9,24,2,0,0,6,1,0,1,7,0,0,1,0.333,0.361,0.351,0.712
Victor,Reyes,DET,OF,44,71,16,15,2,2,0,6,5,0,0,16,0,0,0,0.211,0.296,0.211,0.507
Victor,Caratini,CHC,C,27,66,8,17,3,0,0,4,0,0,5,15,0,0,1,0.258,0.303,0.319,0.622
Daniel,Murphy,WAS,2B,19,65,3,13,2,0,1,7,0,0,3,7,0,0,0,0.2,0.277,0.235,0.512
Matt,Wieters,WAS,C,23,65,6,15,1,0,3,7,0,1,10,12,0,0,1,0.231,0.385,0.342,0.727
Ronald,Torreyes,NYY,SS,24,65,7,21,6,0,0,6,0,0,2,9,0,0,0,0.323,0.415,0.343,0.758
Jett,Bandy,MIL,C,24,64,5,12,2,0,1,1,0,0,3,23,0,0,4,0.188,0.266,0.268,0.534
Jason,Castro,MIN,C,19,63,4,9,3,0,1,3,0,0,9,26,0,1,1,0.143,0.238,0.257,0.495
Kyle,Farmer,LAD,C,32,63,1,15,4,0,0,8,0,0,5,13,0,1,2,0.238,0.302,0.31,0.612
Rosell,Herrera,KC,OF,16,62,3,17,4,2,0,7,1,3,2,13,1,1,0,0.274,0.403,0.292,0.695
Daniel,Vogelbach,SEA,1B,23,62,6,13,2,0,2,6,0,0,11,22,0,0,2,0.21,0.339,0.347,0.686
David,Freitas,SEA,C,23,60,7,13,4,0,0,3,0,0,7,18,0,0,0,0.217,0.283,0.299,0.582
Juan,Lagares,NYM,OF,30,59,9,20,1,1,0,6,3,1,3,9,0,1,1,0.339,0.39,0.375,0.765
Luis,Guillorme,NYM,SS,29,58,3,10,2,0,0,4,1,0,6,3,0,0,0,0.172,0.207,0.25,0.457
Melky,Cabrera,CLE,OF,17,58,6,12,5,0,0,11,0,0,3,10,0,4,1,0.207,0.293,0.242,0.535
Pedro,Florimon,PHI,OF,33,57,11,15,5,1,2,5,1,1,5,20,0,0,0,0.263,0.491,0.323,0.814
Bruce,Maxwell,OAK,C,18,55,5,10,4,0,1,6,0,0,2,13,0,1,0,0.182,0.309,0.207,0.516
Brian,Goodwin,WAS,OF,38,55,7,10,1,0,3,12,3,1,9,23,1,1,2,0.182,0.364,0.313,0.677
Moises,Sierra,WAS,OF,27,54,4,9,2,0,0,4,1,1,2,20,0,2,2,0.167,0.204,0.217,0.421
Dominic,Smith,NYM,1B,20,54,6,12,5,1,1,1,0,0,1,19,0,0,1,0.222,0.407,0.25,0.657
Rene,Rivera,LAA,C,22,54,7,14,3,0,3,10,0,0,4,21,0,0,1,0.259,0.481,0.322,0.803
Christian,Arroyo,TB,3B,20,53,5,14,2,1,1,6,0,0,6,16,0,0,0,0.264,0.396,0.339,0.735
Franklin,Barreto,OAK,SS,18,52,7,11,3,0,3,10,0,0,1,23,0,0,1,0.212,0.442,0.241,0.683
Chase,Headley,SD,3B,27,52,2,6,1,0,0,4,0,0,6,20,0,0,2,0.115,0.135,0.233,0.368
Jose,Rondon,CWS,SS,22,49,8,12,3,0,3,6,2,0,3,16,0,0,0,0.245,0.49,0.288,0.778
Grayson,Greiner,DET,C,14,48,4,11,3,0,0,5,0,1,5,16,0,1,0,0.229,0.292,0.296,0.588
Tom,Murphy,COL,C,15,48,2,15,6,0,0,7,0,1,1,20,0,0,0,0.313,0.438,0.327,0.765
Erik,Kratz,MIL,C,15,48,7,12,1,0,3,5,0,0,1,12,0,0,3,0.25,0.458,0.308,0.766
Jesmuel,Valentin,PHI,2B,33,47,4,10,3,1,1,4,0,0,6,13,0,1,0,0.213,0.383,0.296,0.679
Andrew,Stevenson,WAS,OF,25,47,7,12,2,0,0,8,0,1,4,12,1,2,1,0.255,0.298,0.315,0.613
Jose,Osuna,PIT,OF,23,46,3,9,2,0,2,7,0,0,1,9,0,0,0,0.196,0.37,0.213,0.583
Jose,Lobaton,NYM,C,19,46,3,7,2,1,0,3,0,0,7,14,0,0,0,0.152,0.239,0.264,0.503
Jake,Cave,MIN,OF,16,46,7,10,2,0,3,7,1,0,2,15,0,0,0,0.217,0.457,0.25,0.707
Daniel,Castro,COL,SS,18,46,2,8,1,0,1,6,0,0,1,7,0,0,0,0.174,0.261,0.191,0.452
J.D.,Davis,HOU,3B,17,45,7,9,0,0,1,4,0,0,8,14,0,0,0,0.2,0.267,0.321,0.588
David,Fletcher,LAA,2B,1,45,2,14,2,1,0,5,1,0,2,5,0,0,1,0.311,0.4,0.354,0.754
Colby,Rasmus,BAL,OF,18,45,5,6,1,0,1,1,0,0,3,19,0,0,1,0.133,0.222,0.204,0.426
Peter,Bourjos,ATL,OF,36,44,5,9,2,1,1,4,0,0,2,15,1,0,0,0.205,0.364,0.239,0.603
Ichiro,Suzuki,SEA,OF,15,44,5,9,0,0,0,0,0,0,3,7,0,0,0,0.205,0.205,0.255,0.46
Tomas,Nido,NYM,C,21,44,4,7,1,0,0,3,0,0,3,16,0,1,0,0.159,0.182,0.208,0.39
Tyler,O'Neill,STL,OF,19,44,8,10,1,0,3,7,0,0,1,20,0,1,1,0.227,0.455,0.255,0.71
Gio,Urshela,TOR,3B,19,43,7,10,1,0,1,3,0,0,2,10,0,0,1,0.233,0.326,0.283,0.609
Max,Moroff,PIT,2B,19,43,4,9,1,0,2,6,0,0,2,22,0,0,1,0.209,0.372,0.261,0.633
Steven,Souza,ARI,OF,14,43,1,7,1,0,0,1,1,1,4,13,0,0,0,0.163,0.186,0.234,0.42
Adalberto,Mondesi,KC,2B,13,42,8,9,3,0,1,4,4,1,1,11,0,0,0,0.214,0.357,0.233,0.59
Spencer,Kieboom,WAS,C,17,42,2,9,2,0,0,3,0,0,5,10,0,0,0,0.214,0.262,0.298,0.56
Carlos,Perez,TEX,C,16,42,1,7,2,0,1,3,1,0,1,10,2,0,1,0.167,0.286,0.205,0.491
Devin,Mesoraco,CIN,C,18,41,1,9,2,0,1,3,0,0,2,10,0,0,2,0.22,0.341,0.289,0.63
Pete,Kozma,DET,SS,15,40,4,7,2,0,1,6,0,1,1,7,0,0,0,0.175,0.3,0.195,0.495
Phillip,Ervin,CIN,OF,19,39,5,8,1,0,0,3,1,1,5,12,0,0,1,0.205,0.231,0.311,0.542
Jake,Smolinski,OAK,OF,20,39,2,5,1,1,0,2,1,0,1,10,0,0,1,0.128,0.205,0.171,0.376
Michael,Hermosillo,LAA,OF,16,38,2,5,2,0,0,0,0,1,1,11,0,0,2,0.132,0.184,0.195,0.379
Tzu-Wei,Lin,BOS,2B,16,37,3,6,2,0,0,1,0,0,4,10,0,0,0,0.162,0.216,0.244,0.46
Tyler,Saladino,MIL,SS,16,37,6,12,2,0,3,8,0,0,2,10,0,0,0,0.324,0.622,0.359,0.981
Juan,Centeno,TEX,C,10,37,3,6,1,0,1,3,0,0,1,7,0,0,0,0.162,0.27,0.184,0.454
Renato,Nunez,TEX,OF,13,36,2,6,1,0,1,2,0,0,3,12,0,1,1,0.167,0.278,0.244,0.522
Jose,Bautista,ATL,3B,12,35,3,5,1,0,2,5,0,0,5,12,0,0,0,0.143,0.343,0.25,0.593
Tyler,Wade,NYY,2B,13,35,1,3,2,0,0,4,0,0,3,11,0,0,0,0.086,0.143,0.158,0.301
Brad,Miller,MIL,2B,11,35,5,12,3,0,2,7,0,0,4,13,0,0,0,0.343,0.6,0.41,1.01
Gordon,Beckham,SEA,2B,12,34,1,7,1,0,0,1,1,0,3,7,2,0,0,0.206,0.235,0.27,0.505
Alex,Verdugo,LAD,OF,9,34,3,9,4,0,0,1,0,0,2,6,1,0,0,0.265,0.382,0.306,0.688
Jose Miguel,Fernandez,LAA,1B,10,33,1,9,2,0,0,3,0,0,0,3,0,0,0,0.273,0.333,0.273,0.606
David,Bote,CHC,2B,15,32,5,8,2,0,1,8,2,2,6,9,0,2,0,0.25,0.406,0.35,0.756
Brandon,Dixon,CIN,3B,29,32,5,7,1,0,1,2,0,0,2,10,0,0,0,0.219,0.344,0.265,0.609
Curt,Casali,CIN,C,13,32,5,12,3,0,1,2,0,1,2,8,1,0,1,0.375,0.563,0.429,0.992
Mike,Tauchman,COL,OF,21,32,5,3,1,0,0,0,1,0,4,15,1,0,0,0.094,0.125,0.194,0.319
Brandon,Drury,NYY,2B,12,32,2,6,1,0,1,5,0,0,5,10,0,0,0,0.188,0.313,0.297,0.61
Chad,Wallach,MIA,C,9,31,1,4,1,0,0,2,0,0,2,17,1,0,0,0.129,0.161,0.182,0.343
Jose,Briceno,LAA,C,12,30,4,9,1,0,2,4,0,0,1,8,0,0,0,0.3,0.533,0.323,0.856
Ji-Man,Choi,MIL,1B,12,30,4,7,2,0,2,5,0,0,2,14,0,0,0,0.233,0.5,0.281,0.781
Austin,Slater,SF,OF,14,30,4,9,2,0,0,4,3,0,7,9,0,1,1,0.3,0.367,0.436,0.803
Dwight,Smith,TOR,OF,15,30,5,9,4,0,1,4,0,0,3,4,0,0,1,0.3,0.533,0.382,0.915
Carlos,Tocci,TEX,OF,22,29,1,2,0,0,0,1,0,0,4,13,1,0,1,0.069,0.069,0.206,0.275
Cliff,Pennington,CIN,2B,16,29,1,4,0,0,0,0,0,0,5,13,0,0,0,0.138,0.138,0.265,0.403
Josh,Phegley,OAK,C,11,29,5,7,3,0,2,7,0,0,2,10,0,1,0,0.241,0.552,0.281,0.833
Tomas,Telis,MIA,1B,23,29,2,6,1,0,0,1,0,0,2,8,0,0,0,0.207,0.241,0.258,0.499
Breyvic,Valera,LAD,2B,20,29,4,5,0,0,0,4,0,0,4,4,1,0,0,0.172,0.172,0.273,0.445
Ramon,Torres,KC,2B,9,28,4,5,1,0,0,1,0,0,1,3,0,0,0,0.179,0.214,0.207,0.421
Chris,Gimenez,CHC,C,12,28,1,4,0,0,0,1,1,0,3,7,0,1,0,0.143,0.143,0.219,0.362
Mike,Marjama,SEA,C,10,27,1,3,3,0,0,0,0,1,2,6,0,0,0,0.111,0.222,0.172,0.394
Gregorio,Petit,MIN,2B,12,26,4,8,0,0,0,2,1,1,4,6,0,0,0,0.308,0.308,0.4,0.708
Andrew,Susac,BAL,C,9,26,1,3,1,0,0,0,0,0,0,12,0,0,0,0.115,0.154,0.115,0.269
Austin,Wynns,BAL,C,10,26,4,5,0,0,1,1,0,0,0,10,1,0,0,0.192,0.308,0.192,0.5
Tony,Cruz,CIN,C,9,26,2,4,1,0,1,2,0,0,0,11,0,0,0,0.154,0.308,0.154,0.462
Keon,Broxton,MIL,OF,8,25,5,5,1,0,2,4,2,0,4,9,0,0,0,0.2,0.48,0.31,0.79
Carson,Kelly,STL,C,12,25,0,2,0,0,0,2,0,0,1,6,2,0,1,0.08,0.08,0.148,0.228
Boog,Powell,OAK,OF,7,24,3,4,1,1,0,0,1,1,1,6,0,0,0,0.167,0.292,0.2,0.492
Cameron,Gallagher,KC,C,8,24,2,5,2,0,0,2,0,0,1,4,0,0,0,0.208,0.292,0.24,0.532
Ronny,Rodriguez,DET,SS,11,24,3,2,0,0,0,1,0,0,1,8,0,1,0,0.083,0.083,0.115,0.198
Phil,Gosselin,CIN,2B,20,24,5,3,0,0,1,2,0,0,4,8,0,0,0,0.125,0.25,0.25,0.5
Christian,Walker,ARI,1B,20,24,3,5,1,0,1,2,1,0,3,13,0,0,0,0.208,0.375,0.296,0.671
Danny,Santana,ATL,OF,11,23,2,4,2,0,0,2,1,1,2,8,0,0,1,0.174,0.261,0.269,0.53
Adrian,Sanchez,WAS,3B,15,23,2,4,1,0,0,1,0,0,0,4,0,0,0,0.174,0.217,0.174,0.391
Carlos,Perez,ATL,C,8,21,0,3,0,0,0,0,0,0,1,6,0,0,0,0.143,0.143,0.182,0.325
Clint,Frazier,NYY,OF,8,20,7,7,2,0,0,1,0,0,3,5,0,0,1,0.35,0.45,0.458,0.908
Jorge,Bonifacio,KC,OF,6,20,0,5,1,0,0,1,0,0,2,4,0,0,0,0.25,0.3,0.318,0.618
Tyler,White,HOU,1B,9,18,0,4,1,0,0,0,0,0,5,5,0,0,0,0.222,0.278,0.391,0.669
Jabari,Blash,LAA,OF,7,18,1,2,0,0,0,0,0,1,3,9,0,0,0,0.111,0.111,0.238,0.349
Luis,Sardinas,BAL,SS,8,18,2,2,0,0,1,1,0,0,2,5,0,0,0,0.111,0.278,0.2,0.478
Richard,Urena,TOR,SS,11,18,2,5,0,0,1,3,0,0,0,7,1,0,0,0.278,0.444,0.278,0.722
Gift,Ngoepe,TOR,2B,13,18,2,1,0,0,0,0,0,0,1,12,0,0,0,0.056,0.056,0.105,0.161
Steve,Wilkerson,BAL,2B,7,17,2,4,1,0,0,2,1,0,1,3,0,0,0,0.235,0.294,0.278,0.572
Lane,Adams,ATL,OF,15,17,5,4,0,0,1,4,0,0,4,4,0,0,0,0.235,0.412,0.381,0.793
Socrates,Brito,ARI,OF,8,17,1,2,0,0,0,1,0,0,0,3,0,0,0,0.118,0.118,0.118,0.236
Braxton,Lee,MIA,OF,8,17,0,3,0,0,0,2,0,0,1,8,0,0,0,0.176,0.176,0.222,0.398
Kyle,Higashioka,NYY,C,6,16,3,3,0,0,3,4,0,0,2,6,0,0,0,0.188,0.75,0.278,1.028
Chris,Herrmann,SEA,C,6,16,2,3,0,0,0,0,0,0,4,4,0,0,0,0.188,0.188,0.35,0.538
Dylan,Cozens,PHI,OF,10,15,1,2,0,0,1,2,0,0,3,9,0,0,0,0.133,0.333,0.278,0.611
Travis,d'Arnaud,NYM,C,4,15,1,3,0,0,1,3,0,0,1,5,0,0,0,0.2,0.4,0.25,0.65
Taylor,Motter,SEA,SS,8,15,2,4,0,0,1,1,0,0,2,5,0,0,0,0.267,0.467,0.353,0.82
Miguel,Gomez,SF,3B,9,15,3,4,0,0,0,1,0,0,0,5,0,0,0,0.267,0.267,0.267,0.534
Anthony,Alford,TOR,OF,7,14,2,2,0,0,0,1,1,0,2,6,0,0,0,0.143,0.143,0.25,0.393
Willians,Astudillo,MIN,C,4,14,1,5,0,1,0,3,0,0,0,0,0,0,0,0.357,0.5,0.357,0.857
Taylor,Motter,MIN,SS,7,14,0,0,0,0,0,1,0,0,2,3,0,0,0,0,0,0.125,0.125
Brett,Phillips,MIL,OF,9,14,0,2,0,0,0,0,0,0,0,9,0,0,0,0.143,0.143,0.143,0.286
Tim,Federowicz,HOU,C,4,14,2,3,2,0,0,0,0,0,1,5,0,0,0,0.214,0.357,0.267,0.624
Chris,Stewart,ATL,C,5,14,3,3,0,0,0,3,0,0,1,1,0,1,0,0.214,0.214,0.25,0.464
Steve,Pearce,BOS,OF,5,13,1,4,2,0,0,1,0,0,0,2,0,0,0,0.308,0.462,0.308,0.77
Rosell,Herrera,CIN,OF,11,13,0,2,0,0,0,0,0,1,0,5,0,0,0,0.154,0.154,0.154,0.308
Sam,Travis,BOS,1B,4,12,0,2,0,0,0,3,0,0,1,3,0,0,0,0.167,0.167,0.231,0.398
Matt,Reynolds,WAS,3B,10,12,1,1,0,0,0,1,0,0,1,4,0,0,0,0.083,0.083,0.154,0.237
Hanser,Alberto,TEX,3B,5,11,0,1,0,0,0,0,0,1,1,2,0,0,0,0.091,0.091,0.167,0.258
Luke,Voit,STL,1B,8,11,2,2,0,0,1,3,0,0,2,4,0,0,0,0.182,0.455,0.308,0.763
Jorge,Polanco,MIN,SS,3,11,0,3,1,0,0,1,1,0,1,2,0,0,0,0.273,0.364,0.333,0.697
Dustin,Pedroia,BOS,2B,3,11,1,1,0,0,0,0,0,0,2,1,0,0,0,0.091,0.091,0.231,0.322
Matt,Skole,CWS,1B,4,11,2,3,0,0,1,1,0,0,2,3,0,0,0,0.273,0.545,0.385,0.93
Nolan,Fontana,LAA,2B,8,11,1,1,0,0,1,1,0,0,1,6,0,0,0,0.091,0.364,0.167,0.531
Miguel,Montero,WAS,C,4,11,0,0,0,0,0,0,0,0,2,3,0,0,0,0,0,0.154,0.154
Tim,Locastro,LAD,2B,8,11,1,2,1,0,0,0,1,0,2,5,0,0,1,0.182,0.273,0.357,0.63
Jace,Peterson,NYY,OF,3,10,0,3,0,0,0,0,0,1,1,3,0,0,0,0.3,0.3,0.364,0.664
Nick,Martini,OAK,OF,5,10,0,1,0,0,0,1,0,0,0,0,0,0,0,0.1,0.1,0.1,0.2
Dalton,Pompey,TOR,OF,5,10,0,2,0,0,0,0,0,0,1,6,0,0,0,0.2,0.2,0.273,0.473
Phillip,Evans,NYM,3B,7,9,0,1,0,0,0,0,0,0,0,5,0,0,0,0.111,0.111,0.111,0.222
Alfredo,Gonzalez,CWS,C,3,9,0,1,0,0,0,1,0,0,0,4,0,0,0,0.111,0.111,0.111,0.222
Corban,Joseph,BAL,3B,4,9,0,1,0,0,0,1,0,0,1,2,0,0,0,0.111,0.111,0.2,0.311
Kaleb,Cowart,LAA,3B,5,8,2,1,1,0,0,0,0,0,0,2,0,0,0,0.125,0.25,0.125,0.375
Tyler,Saladino,CWS,SS,6,8,2,2,1,0,0,0,0,0,0,3,1,0,0,0.25,0.375,0.25,0.625
Nate,Orf,MIL,2B,3,8,2,1,0,0,1,1,1,0,1,2,0,0,1,0.125,0.5,0.3,0.8
Mitch,Walding,PHI,3B,6,8,0,0,0,0,0,0,0,0,1,7,0,0,0,0,0,0.111,0.111
Jose,Trevino,TEX,C,3,8,0,2,0,0,0,3,0,0,0,1,0,0,0,0.25,0.25,0.25,0.5
Garrett,Cooper,MIA,1B,4,7,0,1,0,0,0,1,0,0,1,3,0,0,1,0.143,0.143,0.333,0.476
Trayce,Thompson,OAK,OF,3,7,1,1,0,0,0,0,0,0,0,4,0,0,0,0.143,0.143,0.143,0.286
Engelb,Vielma,BAL,SS,6,7,1,1,0,0,0,0,0,0,1,4,0,0,0,0.143,0.143,0.25,0.393
Efren,Navarro,CHC,1B,4,6,0,1,0,0,0,0,0,0,0,4,0,0,0,0.167,0.167,0.167,0.334
Rafael,Bautista,WAS,OF,9,6,1,0,0,0,0,0,0,0,0,1,0,0,0,0,0,0,0
Brandon,Snyder,TB,3B,2,6,0,1,1,0,0,0,0,0,0,2,0,0,0,0.167,0.333,0.167,0.5
Steve,Baron,STL,C,2,5,0,1,0,0,0,0,0,0,0,2,0,0,0,0.2,0.2,0.2,0.4
Jacob,Stallings,PIT,C,3,5,1,1,0,0,0,0,0,0,0,0,0,0,0,0.2,0.2,0.2,0.4
Jacob,Nottingham,MIL,C,3,5,1,0,0,0,0,0,0,0,2,1,0,0,0,0,0,0.286,0.286
Ryan,Schimpf,LAA,3B,5,5,2,1,0,0,1,2,0,0,2,3,0,0,0,0.2,0.8,0.429,1.229
Jim,Adduci,DET,OF,2,5,1,1,0,0,0,0,0,0,0,1,0,0,0,0.2,0.2,0.2,0.4
Mark,Zagunis,CHC,OF,5,5,0,2,1,0,0,1,0,0,1,1,0,0,0,0.4,0.6,0.5,1.1
Raimel,Tapia,COL,OF,3,4,0,0,0,0,0,0,0,0,1,2,0,0,0,0,0,0.2,0.2
Billy,McKinney,NYY,OF,2,4,0,1,0,0,0,0,0,0,0,1,0,0,0,0.25,0.25,0.25,0.5
Shane,Robinson,NYY,OF,2,3,0,1,0,0,0,0,1,0,2,1,0,0,0,0.333,0.333,0.6,0.933
John,Andreoli,SEA,OF,1,3,0,1,0,0,0,0,0,0,1,0,0,0,0,0.333,0.333,0.5,0.833
A.J.,Reed,HOU,1B,1,3,0,0,0,0,0,0,0,0,0,1,0,0,0,0,0,0,0
Kris,Negron,ARI,SS,2,3,0,1,0,0,0,1,0,0,0,0,0,0,0,0.333,0.333,0.333,0.666
Dustin,Peterson,ATL,OF,2,2,0,0,0,0,0,0,0,0,0,1,0,0,0,0,0,0,0
Nick,Franklin,MIL,2B,1,2,0,0,0,0,0,0,0,0,0,0,0,0,0,0,0,0,0
Mike,Gerber,DET,OF,3,2,0,0,0,0,0,0,0,0,0,1,0,0,0,0,0,0,0
Javy,Guerra,SD,SS,2,2,0,0,0,0,0,0,0,0,0,2,0,0,0,0,0,0,0
Kevin,Kaczmarski,NYM,OF,2,1,0,0,0,0,0,0,0,1,1,0,0,0,0,0,0,0.5,0.5
